,location
0,"['@KawaTweets', 'We', 'have', 'escalated', 'your', 'request', 'with', 'Dahisar', '']"
1,"['@its_yashchauhan', 'We', 'have', 'forwarded', 'your', 'concern', 'to', 'Santacruz', '']"
2,"['@DeveshParadkar', 'We', 'have', 'forwarded', 'your', 'concern', 'to', 'Malad', '']"
3,"['@darpandalal', 'We', 'have', 'informed', 'concern', '']"
4,"['@JsJayeshgshah', 'We', 'have', 'escalated', 'your', 'request', 'with', 'Kandivali', '']"
5,"['@SPagdhiwala', 'We', 'have', 'escalated', 'your', 'request', 'with', 'Santacruz', '']"
6,"['@ejvinit', 'We', 'are', 'sharing', 'your', 'concern', 'with', 'D', 'N', 'Nagar', '']"
7,"['@amangoeliitb', 'Powai', '']"
8,"['@RavindraAdhav1', 'We', 'have', 'intimated', 'your', 'concern', 'to', 'Powai', 'traffic', 'branch', 'for', 'necessary', 'action.']"
9,"['@sandesh_samant', 'We', 'request', 'you', 'to', 'file', 'a', 'grievance', 'on', 'the', '#Mumtrafficapp', 'for', 'a', 'swift', 'resolution.']"
10,"['@1desh1law1', 'Please', 'provide', 'the', 'exact', 'location', 'for', 'necessary', 'action']"
11,"['@abeeraks', 'Powai', '']"
12,"['@SainikMi', 'Chembur', '']"
13,"['@pixiehopes', 'We', 'have', 'escalated', 'your', 'request', 'with', 'Powai', '']"
14,"['@VK_Andheri', 'We', 'have', 'escalated', 'your', 'request', 'with', 'DN', 'Nagar', '']"
15,"['@ambika_poojari', 'Action', 'taken', 'on', 'above', 'mentioned', 'vehicle', 'u/s', '122/177', 'of', 'M.V.', 'Act.']"
16,"['@bhumiirparwani', 'Action', 'taken', 'on', 'above', 'mentioned', 'vehicle', 'u/s', '122/177', 'of', 'M.V.', 'Act.']"
17,"['@mashrujeet', 'We', 'have', 'intimated', 'your', 'concern', 'to', 'Dadar', 'traffic', 'branch', 'for', 'necessary', 'action.']"
18,"['@Pawankumarkewal', 'We', 'have', 'forwarded', 'your', 'concern', 'to', 'Mankhurd', '']"
19,"['@DrRohanbadguja2', 'We', 'have', 'intimated', 'your', 'concern', 'to', 'BKC', 'traffic', 'branch', 'for', 'necessary', 'action.']"
20,"['@BycullaACI', 'We', 'are', 'sharing', 'your', 'concern', 'with', 'Nagpada', '']"
21,"['@Bellatrix_Stark', 'We', 'have', 'forwarded', 'your', 'concern', 'to', 'Kandivali', '']"
22,"['@Ankush1730Gupta', 'We', 'request', 'you', 'to', 'file', 'a', 'grievance', 'on', 'the', '#Mumtrafficapp', 'for', 'a', 'swift', 'resolution.']"
23,"['@jaagopyare', 'We', 'are', 'sharing', 'your', 'concern', 'with', 'Dadar', '']"
24,"['@hunterwala', 'We', 'are', 'sharing', 'your', 'concern', 'with', 'Bandra', '']"
25,"['@BankerNot4Sale', 'We', 'have', 'escalated', 'your', 'request', 'with', 'Jogeshwari', '']"
26,"['@Abhishekpol786', 'We', 'request', 'you', 'to', 'file', 'a', 'grievance', 'on', 'the', '#Mumtrafficapp', 'for', 'a', 'swift', 'resolution.']"
27,"['@mayanksinghal05', 'We', 'request', 'you', 'to', 'file', 'a', 'grievance', 'on', 'the', '#Mumtrafficapp', 'for', 'a', 'swift', 'resolution.']"
28,"['@broutray', 'We', 'request', 'you', 'to', 'file', 'a', 'grievance', 'on', 'the', '#Mumtrafficapp', 'for', 'a', 'swift', 'resolution.']"
29,"['@EyeKaDoctor', 'We', 'have', 'escalated', 'your', 'request', 'with', 'Santacruz', '']"
30,"['@VK_Andheri', 'We', 'have', 'escalated', 'your', 'request', 'with', 'D.N.nagar', '']"
31,"['@Vengsarcasm', 'We', 'have', 'escalated', 'your', 'request', 'with', 'Dahisar', '']"
32,"['@aksku69', 'We', 'request', 'you', 'that', 'if', 'the', 'address', 'you', 'provided', 'is', 'not', 'sufficient', 'send', 'us', 'the', 'full', 'address']"
33,"['@4miGala', 'We', 'have', 'escalated', 'your', 'request', 'with', 'Malad', '']"
34,"['@4miGala', 'Action', 'taken', 'on', 'above', 'mentioned', 'vehicle', '06', 'vehicles', 'u/s', '122/177', 'of', 'M.V.', 'Act.']"
35,"['@yogesh431', 'We', 'have', 'forwarded', 'your', 'concern', 'to', 'Vikhroli', '']"
36,"['@S90489910', 'We', 'are', 'sharing', 'your', 'concern', 'with', 'Jogeshwari', '']"
37,"['@MumbaiManic', 'We', 'have', 'intimated', 'your', 'concern', 'to', 'Santacruz', 'traffic', 'branch', 'for', 'necessary', 'action.']"
38,"['@TheAbhimannuy', 'We', 'are', 'sharing', 'your', 'concern', 'with', 'Powai', '']"
39,"['@knockinghuman', 'We', 'are', 'sharing', 'your', 'concern', 'with', 'Pydhunie', '']"
40,"['@ShiningKurla', 'Please', 'provide', 'the', 'exact', 'location', 'for', 'necessary', 'action']"
41,"['@HaritTrivedi7', 'We', 'have', 'intimated', 'your', 'concern', 'to', 'Pydhunie', 'traffic', 'branch', 'for', 'necessary', 'action.']"
42,"['@rmk1205', 'We', 'have', 'intimated', 'your', 'concern', 'to', 'D.B.Marg', 'traffic', 'branch', 'for', 'necessary', 'action.']"
43,"['@HaritTrivedi7', 'Mumbai', 'traffic', 'police', 'helpline', 'no', '8454999999']"
44,"['@JakhaliaRaunak', 'We', 'have', 'forwarded', 'your', 'concern', 'to', 'Malad', '']"
45,"['@aapkaHassanali', 'We', 'have', 'escalated', 'your', 'request', 'with', 'Pydhunie', '']"
46,"['@mangal256', 'We', 'are', 'sharing', 'your', 'concern', 'with', 'Malad', '']"
47,"['@Deepakt70043984', 'We', 'are', 'sharing', 'your', 'concern', 'with', 'Wadala', '']"
48,"['@dhruvakapadia', 'We', 'have', 'escalated', 'your', 'request', 'with', 'Santacruz', '']"
49,"['@VinodDu44374766', 'We', 'have', 'requested', '@ThaneCityPolice', 'traffic', 'division', 'to', 'look', 'into', 'this', 'as', 'they', 'can', 'help', 'the', 'best', 'in', 'their', 'jurisdiction']"
50,"['@sakgr555', 'We', 'have', 'escalated', 'your', 'request', 'with', 'D.N.Nagar', '']"
51,"['@VaruMehul', 'We', 'have', 'requested', '@ThaneCityPolice', 'traffic', 'division', 'to', 'look', 'into', 'this', 'as', 'they', 'can', 'help', 'the', 'best', 'in', 'their', 'jurisdiction']"
52,"['@ImmanuelRajanN1', 'We', 'have', 'escalated', 'your', 'request', 'with', 'Chembur', '']"
53,"['@SashiShankar', '@RoadsOfMumbai', 'We', 'have', 'escalated', 'your', 'request', 'with', 'Matunga\n', '']"
54,"['@kirtipalsingh01', 'We', 'have', 'informed', 'concern', '', 'Vakola', '']"
55,"['@ramnarayang', 'We', 'are', 'sharing', 'your', 'concern', 'with', '_Chembur', '']"
56,"['@MeenaSippy3', 'We', 'have', 'forwarded', 'your', 'concern', 'to', 'Oshiwara', '']"
57,"['@vinita_israni', 'We', 'have', 'forwarded', 'your', 'concern', 'to', 'Kurla', '']"
58,"['@bhumiirparwani', 'We', 'have', 'forwarded', 'your', 'concern', 'to', 'Goregaon', '']"
59,"['@uday_kuruwa', 'We', 'have', 'intimated', 'your', 'concern', 'to', 'Nagpada', 'traffic', 'branch', 'for', 'necessary', 'action.']"
60,"['@ajay9977', 'We', 'have', 'forwarded', 'your', 'concern', 'to', 'Samata', 'Nagar', '']"
61,"['@ajay9977', 'We', 'request', 'you', 'that', 'if', 'the', 'address', 'you', 'provided', 'is', 'not', 'sufficient', 'send', 'us', 'the', 'full', 'address']"
62,"['@afzalamirshaikh', 'We', 'have', 'intimated', 'your', 'concern', 'to', 'Dindoshi', 'traffic', 'branch', 'for', 'necessary', 'action.']"
63,"['@brilliansk', 'We', 'have', 'escalated', 'your', 'request', 'with', 'Ghatkopar', '']"
64,"['@TVALMGuild', 'We', 'have', 'escalated', 'your', 'request', 'with', 'Samtanagar', '']"
65,"['@superselector5', 'We', 'are', 'sharing', 'your', 'concern', 'with', 'Samtanagar', '']"
66,"['@Optimus3m', 'We', 'request', 'you', 'that', 'if', 'the', 'address', 'you', 'provided', 'is', 'not', 'sufficient', 'send', 'us', 'the', 'full', 'address']"
67,"['@superselector5', 'Dindoshi', '']"
68,"['@prabirchetia', 'We', 'have', 'forwarded', 'your', 'concern', 'to', 'Samata', 'Nagar', '']"
69,"['@Da1GowaliaTank', 'We', 'are', 'sharing', 'your', 'concern', 'with', 'Tardeo', '']"
70,"['@naveedbarudgar', 'We', 'have', 'intimated', 'your', 'concern', 'to', 'Vakola', 'traffic', 'branch', 'for', 'necessary', 'action.']"
71,"['@Ravisankar49', 'We', 'have', 'forwarded', 'your', 'concern', 'to', 'Samata', 'Nagar', '']"
72,"['@naveedbarudgar', 'Please', 'provide', 'the', 'exact', 'location', 'for', 'necessary', 'action']"
73,"['@ZRSoldier1', 'We', 'have', 'forwarded', 'your', 'concern', 'to', 'Oshiwara', '']"
74,"['@superselector5', 'We', 'have', 'forwarded', 'your', 'concern', 'to', 'Sahar', '']"
75,"['@superselector5', 'We', 'are', 'sharing', 'your', 'concern', 'with', 'Jogeshwari', '']"
76,"['@anandrajgor', 'We', 'have', 'forwarded', 'your', 'concern', 'to', 'Dahisar', '']"
77,"['@aapaldadar', 'We', 'have', 'escalated', 'your', 'request', 'with', 'Dadar', '']"
78,"['@superselector5', 'We', 'have', 'forwarded', 'your', 'concern', 'to', 'Malad', '']"
79,"['@Rajkuma49482034', 'We', 'have', 'escalated', 'your', 'request', 'with', 'Samtanagar', '']"
80,"['@jambi76', 'We', 'have', 'escalated', 'your', 'request', 'with', 'Samtanagar', '']"
81,"['@manishladkani', 'We', 'have', 'intimated', 'your', 'concern', 'to', '_Goregaon', 'traffic', 'branch', 'for', 'necessary', 'action.']"
82,"['@BHAGWANKAMBLE20', 'We', 'have', 'escalated', 'your', 'request', 'with', 'Bandra', '', '']"
83,"['@AnilMakhija4', 'We', 'have', 'escalated', 'your', 'request', 'with', '', 'Chembur', '']"
84,"['@Shreyayayayaaa', 'We', 'have', 'intimated', 'your', 'concern', 'to', 'Mankhurd', 'traffic', 'branch', 'for', 'necessary', 'action.']"
85,"['@bjymm217', 'We', 'have', 'escalated', 'your', 'request', 'with', 'D.B.Marg', '']"
86,"['@arvindpnishar', 'We', 'have', 'escalated', 'your', 'request', 'with', 'Tardeo']"
87,"['@MEHULS13515704', 'Chembur', '']"
88,"['@Dharmen94685958', 'We', 'request', 'you', 'to', 'file', 'a', 'grievance', 'on', 'the', '#Mumtrafficapp', 'for', 'a', 'swift', 'resolution.']"
89,"['@NikhilCDesai1', 'Matunga', '']"
90,"['@ImmanuelRajanN1', 'Chembur', '']"
91,"['@BankiMistry', 'Sahar', '']"
92,"['@BankiMistry', 'We', 'request', 'you', 'that', 'if', 'the', 'address', 'you', 'provided', 'is', 'not', 'sufficient', 'send', 'us', 'the', 'full', 'address']"
93,"['@ambika_poojari', 'We', 'are', 'sharing', 'your', 'concern', 'with', 'Kandivali', '']"
94,"['@TVALMGuild', 'We', 'have', 'informed', 'Samta', 'Nagar', '']"
95,"['@SharpcutM', 'We', 'have', 'informed', 'concern', '']"
96,"['@arshadq35268923', 'We', 'have', 'escalated', 'your', 'request', 'to', 'Azad', 'Maidan', '']"
97,"['@nadeem_ghaznavi', 'We', 'have', 'escalated', 'your', 'request', 'with', 'Dahisar', '']"
98,"['@gopigupt', 'We', 'have', 'requested', '@ThaneCityPolice', 'traffic', 'division', 'to', 'look', 'into', 'this', 'as', 'they', 'can', 'help', 'the', 'best', 'in', 'their', 'jurisdiction']"
99,"['@NasirSh86042113', 'We', 'are', 'sharing', 'your', 'concern', 'with', 'the', 'Goregaon', '']"
100,"['@sheroobhai', 'We', 'are', 'sharing', 'your', 'concern', 'with', 'Sahar', '']"
101,"['@Shiva_Nadar1977', 'We', 'have', 'forwarded', 'your', 'concern', 'to', 'Dharavi', '']"
102,"['@rizwanjanasheen', 'We', 'have', 'escalated', 'your', 'request', 'with', 'Jogeshwari', '']"
103,"['@VK_Andheri', 'We', 'have', 'informed', 'concern', '']"
104,"['@devi_pai', 'We', 'have', 'escalated', 'your', 'request', 'with', 'Sahar', '']"
105,"['@Suthar1Nehansh', 'We', 'request', 'you', 'to', 'file', 'a', 'grievance', 'on', 'the', '#Mumtrafficapp', 'for', 'a', 'swift', 'resolution']"
106,"['@devi_pai', 'We', 'request', 'you', 'that', 'if', 'the', 'address', 'you', 'provided', 'is', 'not', 'sufficient', 'send', 'us', 'the', 'full', 'address']"
107,"['@Lijo_Mathai', 'We', 'are', 'sharing', 'your', 'concern', 'with', 'Samtanagar', '']"
108,"['@Lijo_Mathai', 'We', 'request', 'you', 'that', 'if', 'the', 'address', 'you', 'provided', 'is', 'not', 'sufficient', 'send', 'us', 'the', 'full', 'address']"
109,"['@saurabh123', 'We', 'have', 'informed', 'concern', '']"
110,"['@afzalamirshaikh', 'We', 'have', 'forwarded', 'your', 'concern', 'to', 'Samtanagar', '']"
111,"['@HardikS46585437', 'We', 'are', 'sharing', 'your', 'concern', 'with', 'BKC', '', '']"
112,"['@normally_crazy', 'We', 'have', 'escalated', 'your', 'request', 'with', 'Powai', '']"
113,"['@ChiragGopanii', 'We', 'have', 'escalated', 'your', 'request', 'with', 'Bandra', '']"
114,"['@deshmuk01368883', 'We', 'have', 'intimated', 'your', 'concern', 'to', 'Sahar', 'traffic', 'branch', 'for', 'necessary', 'action.']"
115,"['@yoynwa97', 'Request', 'you', 'to', 'report', 'the', 'matter', 'at', 'nearest', 'police', 'station', 'where', 'the', 'incident', 'occurred.']"
116,"['@Rajkuma49482034', 'We', 'have', 'forwarded', 'your', 'concern', 'to', 'Samtanagar', '']"
117,"['@SiddharthBadi2', 'We', 'have', 'forwarded', 'your', 'concern', 'to', 'BKC', '']"
118,"['@SiddharthBadi2', 'We', 'have', 'intimated', 'your', 'concern', 'to', 'Bkc', 'traffic', 'branch', 'for', 'necessary', 'action.']"
119,"['@Naseem9628', 'We', 'have', 'intimated', 'your', 'concern', 'to', 'Sahar', 'traffic', 'branch', 'for', 'necessary', 'action.']"
120,"['@VK_Andheri', 'We', 'are', 'sharing', 'your', 'concern', 'with', 'D', 'N', 'Nagar', '']"
121,"['@HanmantBhosale6', 'We', 'have', 'forwarded', 'your', 'concern', 'to', 'BKC', '']"
122,"['@NikhilCDesai1', 'We', 'have', 'escalated', 'your', 'request', 'with', 'Matunga', '']"
123,"['@PrathzPimputkar', '.', 'We', 'have', 'informed', 'concern', '']"
124,"['@ImmanuelRajanN1', 'We', 'are', 'sharing', 'your', 'concern', 'with', 'Chembur', '']"
125,"['@MhadkarDs', 'We', 'have', 'informed', 'concern', '']"
126,"['@VIRENINFRA', 'We', 'have', 'intimated', 'your', 'concern', 'to', 'Santacruz', 'traffic', 'branch', 'for', 'necessary', 'action.']"
127,"['@d22cf3321f22465', 'We', 'have', 'intimated', 'your', 'concern', 'to', 'D', 'N', 'nagar', 'traffic', 'branch', 'for', 'necessary', 'action.']"
128,"['@sha13353446', 'We', 'have', 'forwarded', 'your', 'concern', 'to', 'Santacruz', '']"
129,"['@mallanair', 'We', 'have', 'intimated', 'your', 'concerned', 'traffic', 'branch', 'for', 'necessary', 'action.']"
130,"['@123456Tandel', 'We', 'are', 'sharing', 'your', 'concern', 'with', 'D', 'N', 'Nagar', '']"
131,"['@123456Tandel', 'We', 'have', 'forwarded', 'your', 'concern', 'to', 'D', 'N', 'Nagar', '']"
132,"['@123456Tandel', 'We', 'have', 'escalated', 'your', 'request', 'with', 'D', 'N', 'nagar', '']"
133,"['@superselector5', 'We', 'have', 'informed', 'concern', '']"
134,"['@123456Tandel', 'We', 'are', 'sharing', 'your', 'concern', 'with', 'D', 'N', 'Nagar', '']"
135,"['@AlimShaikhAimim', 'We', 'are', 'sharing', 'your', 'concern', 'with', 'Tardev', '']"
136,"['@superselector5', 'We', 'have', 'intimated', 'your', 'concern', 'to', 'Vakola', '', 'traffic', 'branch', 'for', 'necessary', 'action.']"
137,"['@RomilShukla', 'We', 'request', 'you', 'that', 'if', 'the', 'address', 'you', 'provided', 'is', 'not', 'sufficient', 'send', 'us', 'the', 'full', 'address.']"
138,"['@superselector5', 'We', 'have', 'intimated', 'your', 'concern', 'to', 'Jogeshwari', 'traffic', 'branch', 'for', 'necessary', 'action.']"
139,"['@casuchitshah', 'We', 'request', 'you', 'to', 'file', 'a', 'grievance', 'on', 'the', '#Mumtrafficapp', 'for', 'a', 'swift', 'resolution.']"
140,"['@MOHDJAV62572544', 'We', 'request', 'you', 'to', 'file', 'a', 'grievance', 'on', 'the', 'Mumtrafficapp', 'for', 'a', 'swift', 'resolution.']"
141,"['@MOHDJAV62572544', 'We', 'request', 'you', 'to', 'file', 'a', 'grievance', 'on', 'the', '#Mumtrafficapp', 'for', 'a', 'swift', 'resolution']"
142,"['@yjaisingh554', 'We', 'have', 'forwarded', 'your', 'concern', 'to', 'Chembur', '']"
143,"['@MohdYusufSHAMS5', 'We', 'have', 'escalated', 'your', 'request', 'with', 'kurla', '']"
144,"['@bhavinmehtak', 'We', 'request', 'you', 'that', 'if', 'the', 'address', 'you', 'provided', 'is', 'not', 'sufficient', 'send', 'us', 'the', 'full', 'address']"
145,"['@puranik_shetty', 'We', 'request', 'you', 'to', 'file', 'a', 'grievance', 'on', 'the', '#Mumtrafficapp', 'for', 'a', 'swift', 'resolution.']"
146,"['@rolster20', 'We', 'are', 'sharing', 'your', 'concern', 'with', 'Mahim', '']"
147,"['@BetterMumbai2', 'We', 'have', 'escalated', 'your', 'request', 'with', 'Borivali', '']"
148,"['@samir_mmn96', 'We', 'have', 'forwarded', 'your', 'concern', 'to', 'Bandra', '']"
149,"['@aapaldadar', 'We', 'have', 'forwarded', 'your', 'concern', 'to', 'Dadar', '']"
150,"['@aapaldadar', 'Please', 'provide', 'the', 'exact', 'location', 'for', 'necessary', 'action']"
151,"['@MaldeNimish', 'We', 'have', 'intimated', 'your', 'concern', 'to', 'Wadala', 'traffic', 'branch', 'for', 'necessary', 'action.']"
152,"['@nagarkaustubh', 'We', 'request', 'you', 'to', 'file', 'a', 'grievance', 'on', 'the', '#Mumtrafficapp', 'for', 'a', 'swift', 'resolution.']"
153,"['@mnblkjpoivcxz', 'We', 'have', 'forwarded', 'your', 'concern', 'to', 'Chembur', '']"
154,"['@Umeroxx', 'Please', 'provide', 'the', 'exact', 'location', 'for', 'necessary', 'action']"
155,"['@aapaldadar', 'We', 'are', 'sharing', 'your', 'concern', 'with', 'Dadar', '']"
156,"['@tweetsvirat', 'We', 'have', 'forwarded', 'your', 'concern', 'to', 'Dahisar', '']"
157,"['@aapaldadar', 'We', 'request', 'you', 'that', 'if', 'the', 'address', 'you', 'provided', 'is', 'not', 'sufficient', 'send', 'us', 'the', 'full', 'address']"
158,"['@shahkaran79', 'We', 'are', 'sharing', 'your', 'concern', 'with', 'Tardeo', '']"
159,"['@Jigneshbari95', 'We', 'are', 'sharing', 'your', 'concern', 'with', 'Dahisar', '']"
160,"['@MumbaiManic', 'We', 'have', 'informed', 'concern', '']"
161,"['@SachinBHILARE6', 'We', 'have', 'intimated', 'your', 'concern', 'to', 'Goregaon/Malad', 'traffic', 'branch', 'for', 'necessary', 'action.']"
162,"['@KuturAbhishek', 'We', 'request', 'you', 'file', 'a', 'grievance', 'on', 'the', '#Mumtrafficapp', 'for', 'a', 'swift', 'resolution.']"
163,"['@DivechaNaheed', 'We', 'have', 'intimated', 'your', 'concern', 'to', 'the', 'traffic', 'branch', 'for', 'necessary', 'action.']"
164,"['@Prashan98678133', 'We', 'have', 'escalated', 'your', 'request', 'with', 'Dindoshi', '']"
165,"['@advsiddharthss', 'We', 'are', 'sharing', 'your', 'concern', 'with', 'Matunga', '']"
166,"['@Pandemic_trader', 'We', 'have', 'informed', 'the', 'concern', '']"
167,"['@ZahidFKhambatti', 'We', 'have', 'escalated', 'your', 'request', 'with', 'Jogeshwari/MIDC', '']"
168,"['@drushticone', 'We', 'have', 'escalated', 'your', 'request', 'with', 'Borivali', '']"
169,"['@krish15136860', 'We', 'request', 'you', 'to', 'file', 'a', 'grievance', 'on', 'the', '#Mumtrafficapp', 'for', 'a', 'swift', 'resolution.']"
170,"['@ChetanR71663413', 'We', 'have', 'escalated', 'your', 'request', 'with', 'Bandra', '']"
171,"['@Luftstretkrafte', 'We', 'have', 'intimated', 'your', 'concern', 'to', 'Chembur', 'traffic', 'branch', 'for', 'necessary', 'action.']"
172,"['@Luftstretkrafte', 'Chembur', '']"
173,"['@DivechaNaheed', 'Please', 'provide', 'the', 'exact', 'location', 'for', 'necessary', 'action.']"
174,"['@Luftstretkrafte', 'We', 'have', 'forwarded', 'your', 'concern', 'to', 'Chembur', '']"
175,"['@Luftstretkrafte', 'We', 'have', 'escalated', 'your', 'request', 'with', 'Chembur', '']"
176,"['@Luftstretkrafte', 'We', 'are', 'sharing', 'your', 'concern', 'with', 'Chembur', '']"
177,"['@VinodDu44374766', 'Please', 'provide', 'the', 'exact', 'location', 'for', 'necessary', 'action']"
178,"['@AlimShaikhAimim', 'We', 'request', 'you', 'that', 'if', 'the', 'address', 'you', 'provided', 'is', 'not', 'sufficient', 'send', 'us', 'the', 'full', 'address.']"
179,"['@iamar1012', 'We', 'have', 'informed', 'the', 'Sakinaka', '']"
180,"['@Prakash04380729', 'We', 'have', 'forwarded', 'your', 'concern', 'to', 'Dadar', '']"
181,"['@casuchitshah', 'Pls', 'Contact', '-', '8448448960.']"
182,"['@amitsurg', 'We', 'have', 'escalated', 'your', 'request', 'with', 'Chembur', '']"
183,"['@anuradhapanvel', 'We', 'have', 'intimated', 'your', 'concern', 'to', 'Kurla', 'traffic', 'branch', 'for', 'necessary', 'action.']"
184,"['@Bhartiy19273132', 'We', 'are', 'sharing', 'your', 'concern', 'with', 'Jogeshwari', '']"
185,"['@Avinash01557273', 'We', 'are', 'sharing', 'your', 'concern', 'with', 'Malad/Goregaon', '']"
186,"['@AlertCitizen5', 'We', 'have', 'escalated', 'your', 'request', 'with', 'Malad/Goregaon', '']"
187,"['@iffu17', 'We', 'have', 'informed', 'the', 'concern', '']"
188,"['@MuqueemKhan6', 'We', 'have', 'informed', 'the', 'concerned', '']"
189,"['@GaneshAbnave2', 'We', 'have', 'informed', 'the', 'concerned', '']"
190,"['@AlimShaikhAimim', 'Please', 'provide', 'the', 'exact', 'location', 'for', 'necessary', 'action.']"
191,"['@bjymm217', 'We', 'have', 'forwarded', 'your', 'concern', 'to', 'D', 'B', 'Marg', '']"
192,"['@NatashaSurjiani', 'We', 'are', 'sharing', 'your', 'concern', 'with', 'Kandivali', '']"
193,"['@priyankasathe24', '.', 'We', 'are', 'sharing', 'your', 'concern', 'with', 'Dadar', '']"
194,"['@superselector5', 'We', 'have', 'intimated', 'your', 'concern', 'to', 'Malad', 'traffic', 'branch', 'for', 'necessary', 'action.']"
195,"['@nimish_raj', 'We', 'have', 'intimated', 'your', 'concern', 'to', 'Santacruz', 'traffic', 'branch', 'for', 'necessary', 'action.']"
196,"['@yashharlalka', 'We', 'have', 'intimated', 'your', 'concern', 'to', 'the', 'Kandivali', 'traffic', 'branch', 'for', 'necessary', 'action.']"
197,"['@SagarKa64650818', 'We', 'have', 'intimated', 'your', 'concern', 'to', 'the', 'Nagpada', 'traffic', 'branch', 'for', 'necessary', 'action.']"
198,"['@NasirSh86042113', 'We', 'have', 'escalated', 'your', 'request', 'with', 'goregaon', '']"
199,"['@_iam_chetan', 'We', 'have', 'requested', '@ThaneCityPolice', 'traffic', 'division', 'to', 'look', 'into', 'this', 'as', 'they', 'can', 'help', 'the', 'best', 'in', 'their', 'jurisdiction']"
200,"['@MEHTADARSHANS', 'We', 'are', 'sharing', 'your', 'concern', 'with', 'Bandra', '']"
201,"['@rishved', 'We', 'are', 'sharing', 'your', 'concern', 'with', 'Chembur', '']"
202,"['@rishved', 'We', 'have', 'escalated', 'your', 'request', 'with', 'Ghatkopar', '']"
203,"['@DINESHS97086561', 'We', 'have', 'escalated', 'your', 'request', 'with', 'Powai', '']"
204,"['@mpsampat_ca', 'We', 'are', 'sharing', 'your', 'concern', 'with', 'Tardeo', '']"
205,"['@MaldeNimish', 'We', 'have', 'intimated', 'your', 'concern', 'to', 'the', 'Bhoiwada', 'traffic', 'branch', 'for', 'necessary', 'action.']"
206,"['@casuchitshah', 'We', 'request', 'you', 'to', 'file', 'a', 'grievance', 'on', 'the', '#Mumtrafficapp', 'for', 'a', 'swift', 'resolution.']"
207,"['@SawantAmber', 'We', 'are', 'sharing', 'your', 'concern', 'with', 'Dahisar', '']"
208,"['@SanjayP3977', 'We', 'request', 'you', 'that', 'if', 'the', 'address', 'you', 'provided', 'is', 'not', 'sufficient', 'send', 'us', 'the', 'full', 'address']"
209,"['@prabhatsainath', 'We', 'are', 'sharing', 'your', 'concern', 'with', 'concerned', '']"
210,"['@Deepak842022', 'We', 'have', 'forwarded', 'your', 'concern', 'to', '@mybmc', 'for', 'necessary', 'action', 'Promptly.']"
211,"['@VK_Andheri', 'We', 'are', 'sharing', 'your', 'concern', 'with', 'Concerned', '']"
212,"['@komal_42', 'We', 'have', 'escalated', 'your', 'request', 'with', 'Sahar', '']"
213,"['@MEHTADARSHANS', 'Please', 'provide', 'the', 'exact', 'location', 'for', 'necessary', 'action']"
214,"['@MitaliParte', 'We', 'have', 'informed', 'concern', '']"
215,"['@tasir_ali_Sk', 'We', 'have', 'escalated', 'your', 'request', 'with', 'the', 'concrned', '', '']"
216,"['@MhadkarDs', 'We', 'are', 'sharing', 'your', 'concern', 'with', 'Colaba', '']"
217,"['@jabalmumtaz', 'We', 'have', 'forwarded', 'your', 'concern', 'to', 'Malad', '']"
218,"['@SteelTradeIndi1', 'We', 'request', 'you', 'to', 'file', 'a', 'grievance', 'on', 'the', '#Mumtrafficapp', 'for', 'a', 'swift', 'resolution']"
219,"['@Anurita_Patel', 'We', 'are', 'sharing', 'your', 'concern', 'with', 'Dharavi', '']"
220,"['@Chiragvira', 'We', 'are', 'sharing', 'your', 'concern', 'with', 'Dadar', '']"
221,"['@VK_Andheri', 'We', 'have', 'informed', 'concern', '']"
222,"['@shlpi777', 'We', 'are', 'sharing', 'your', 'concern', 'with', 'D', 'N', 'Nagar', '']"
223,"['@VK_Andheri', 'We', 'have', 'forwarded', 'your', 'concern', 'to', 'D', 'N', 'Nagar', '']"
224,"['@shlpi777', 'We', 'are', 'sharing', 'your', 'concern', 'with', 'D', 'N', 'Nagar', '']"
225,"['@AnilMis86531014', 'We', 'are', 'sharing', 'your', 'concern', 'with', 'D', 'N', 'Nagar', '']"
226,"['@tanyanayyar290', 'We', 'request', 'you', 'to', 'file', 'a', 'grievance', 'on', 'the', '#Mumtrafficapp', 'for', 'a', 'swift', 'resolution']"
227,"['@superselector5', 'We', 'have', 'informed', 'concern', '']"
228,"['@superselector5', 'We', 'have', 'informed', 'concern', '']"
229,"['@shlpi777', 'We', 'request', 'you', 'that', 'if', 'the', 'address', 'you', 'provided', 'is', 'not', 'sufficient', 'send', 'us', 'the', 'full', 'address']"
230,"['@ZRSoldier1', 'We', 'are', 'sharing', 'your', 'concern', 'with', 'Oshiwara', '']"
231,"['@shlpi777', 'We', 'request', 'you', 'that', 'if', 'the', 'address', 'you', 'provided', 'is', 'not', 'sufficient', 'send', 'us', 'the', 'full', 'address']"
232,"['@Cashsecond1', 'Please', 'provide', 'the', 'exact', 'location', 'for', 'necessary', 'action']"
233,"['@superselector5', 'We', 'have', 'informed', 'concern', '']"
234,"['@Mohi8652126365', '@MumbaiPolice', 'Please', 'provide', 'the', 'exact', 'location', 'for', 'necessary', 'action']"
235,"['@_irohinisingh_', 'We', 'have', 'intimated', 'your', 'concern', 'to', 'Colaba', 'traffic', 'branch', 'for', 'necessary', 'action.']"
236,"['@Avinash01557273', 'We', 'request', 'you', 'that', 'if', 'the', 'address', 'you', 'provided', 'is', 'not', 'sufficient', 'send', 'us', 'the', 'full', 'address']"
237,"['@joshzz28', 'We', 'have', 'escalated', 'your', 'request', 'with', 'Bandra', '']"
238,"['@Mohi8652126365', 'We', 'request', 'you', 'that', 'if', 'the', 'address', 'you', 'provided', 'is', 'not', 'sufficient', 'send', 'us', 'the', 'full', 'address']"
239,"['@niharmehta', 'We', 'are', 'sharing', 'your', 'concern', 'with', 'Kalbadevi', '']"
240,"['@sharatm76', 'We', 'have', 'informed', 'concern', '']"
241,"['@BorzinKKhambata', 'We', 'have', 'forwarded', 'your', 'concern', 'to', 'Goregaon', '']"
242,"['@Shaikhasifhuss4', 'We', 'request', 'you', 'that', 'if', 'the', 'address', 'you', 'provided', 'is', 'not', 'sufficient', 'send', 'us', 'the', 'full', 'address']"
243,"['@Nisarg_18', 'We', 'are', 'sharing', 'your', 'concern', 'with', 'Vakola', '']"
244,"['@Diptivrr', 'We', 'are', 'sharing', 'your', 'concern', 'with', 'Malad', '']"
245,"['@Amitagarwal1904', 'We', 'are', 'sharing', 'your', 'concern', 'with', 'Chembur', '']"
246,"['@SachinBHILARE6', 'We', 'have', 'escalated', 'your', 'request', 'with', 'Goregaon', '']"
247,"['@ZRSoldier1', 'Action', 'has', 'been', 'taken', 'against', 'the', '6', 'Vehicles', 'under', 'MVA', 'section', '122.']"
248,"['@Shreyayayayaaa', 'We', 'are', 'sharing', 'your', 'concern', 'with', 'Mankhurd', '']"
249,"['@AlimShaikhAimim', 'We', 'have', 'escalated', 'your', 'request', 'with', 'Tardeo', '', '']"
250,"['@FerozSultan19', 'We', 'have', 'forwarded', 'your', 'concern', 'to', 'Kurla', '']"
251,"['@BetterMumbai2', 'We', 'have', 'forwarded', 'your', 'concern', 'to', 'Borivali', '']"
252,"['@Cashsecond1', 'Action', 'has', 'been', 'taken', 'against', 'the', '5', 'Vehicles', 'under', 'MVA', 'section', '122.']"
253,"['@lalkishadv', 'We', 'have', 'forwarded', 'your', 'concern', 'to', 'Worli', '']"
254,"['@IdiotsRoads', 'Action', 'has', 'been', 'taken', 'against', 'the', '13', 'Vehicles', 'under', 'MVA', 'section', '122.']"
255,"['@Pradeep53524914', 'We', 'are', 'sharing', 'your', 'concern', 'with', 'Vikhroli', '']"
256,"['@Prakash04380729', 'We', 'have', 'escalated', 'your', 'request', 'with', 'Dadar', '']"
257,"['@manojshah65', 'We', 'have', 'informed', 'concern', '']"
258,"['@gauravdukle', 'We', 'have', 'forwarded', 'your', 'concern', 'to', 'Vakola', '', '']"
259,"['@KamleshDamodar7', 'Action', 'has', 'been', 'taken', 'against', 'the', '15', 'Vehicles', 'under', 'MVA', 'section', '122.']"
260,"['@leongleotrio20', 'We', 'have', 'escalated', 'your', 'request', 'with', 'Malad', '']"
261,"['@aash1010', 'We', 'are', 'sharing', 'your', 'concern', 'with', 'Dadar', '']"
262,"['@ShahSavio', 'We', 'have', 'informed', 'concern', '']"
263,"['@MNCDFbombay', 'We', 'are', 'sharing', 'your', 'concern', 'with', 'Worli', '']"
264,"['@djtwtr', 'We', 'are', 'sharing', 'your', 'concern', 'with', 'D', 'N', 'Nagar', '']"
265,"['@IdiotsRoads', 'We', 'have', 'forwarded', 'your', 'concern', 'to', 'Worli', '']"
266,"['@ZRSoldier1', 'We', 'have', 'intimated', 'your', 'concern', 'to', 'Oshiwara', 'traffic', 'branch', 'for', 'necessary', 'action.']"
267,"['@saudKha15644274', 'We', 'have', 'requested', '@ThaneCityPolice', 'traffic', 'division', 'to', 'look', 'into', 'this', 'as', 'they', 'can', 'help', 'the', 'best', 'in', 'their', 'jurisdiction.']"
268,"['@SalmanA92090901', 'We', 'request', 'you', 'that', 'if', 'the', 'address', 'you', 'provided', 'is', 'not', 'sufficient', 'send', 'us', 'the', 'full', 'address']"
269,"['@dhyrajm', 'We', 'have', 'shared', 'this', 'with', 'senior', 'official', 'of', 'the', 'DN', 'Nagar', 'traffic', 'division', 'for', 'necessary', 'stern', 'actions.-']"
270,"['@Polkaa2905', 'We', 'have', 'escalated', 'your', 'request', 'with', 'Worli', '']"
271,"['@saileshv74', 'We', 'have', 'intimated', 'your', 'concern', 'to', 'Worli', 'traffic', 'branch', 'for', 'necessary', 'action.']"
272,"['@Bbhatia19', 'We', 'have', 'intimated', 'your', 'concern', 'to', 'Vikroli', 'traffic', 'branch', 'for', 'necessary', 'action.']"
273,"['@rajeshkumar0506', 'We', 'have', 'forwarded', 'your', 'concern', 'to', 'Dindoshi', '']"
274,"['@DixitGala', 'We', 'request', 'you', 'to', 'file', 'a', 'grievance', 'on', 'the', 'Mumtrafficapp', 'for', 'a', 'swift', 'resolution.']"
275,"['@shsmsh69', 'We', 'have', 'informed', 'the', 'concern', 'BKC', '']"
276,"['@shellythakur4', 'We', 'have', 'forwarded', 'your', 'concern', 'to', 'Kandivali', '']"
277,"['@KamleshDamodar7', 'We', 'have', 'forwarded', 'your', 'concern', 'to', 'Kurla', '']"
278,"['@Cashsecond1', 'We', 'have', 'escalated', 'your', 'request', 'with', 'Worli', '', '']"
279,"['@anandb75', 'We', 'have', 'informed', 'the', 'concern', '']"
280,"['@hemant082', 'We', 'have', 'intimated', 'your', 'concern', 'to', 'the', 'Goregaon', 'traffic', 'branch', 'for', 'necessary', 'action.']"
281,"['@RakeshC44505050', 'We', 'have', 'escalated', 'your', 'request', 'to', 'Sahar', '']"
282,"['@harshmehta1', 'We', 'have', 'escalated', 'your', 'request', 'with', 'MIDC', '']"
283,"['@hemant082', 'We', 'have', 'informed', 'the', 'concern', '']"
284,"['@rajivsharma2012', 'We', 'have', 'informed', 'the', 'concern', '']"
285,"['@pankajpasha2016', 'We', 'have', 'informed', 'the', 'concerned', '']"
286,"['@ameyajogalekar', 'We', 'request', 'you', 'that', 'if', 'the', 'address', 'you', 'provided', 'is', 'not', 'sufficient', 'send', 'us', 'the', 'full', 'address']"
287,"['@punittripathi79', 'We', 'have', 'escalated', 'your', 'request', 'to', 'Powai', '']"
288,"['@rajivsharma2012', '@CPMumbaiPolice', '@Rtr_IPS', 'We', 'have', 'escalated', 'your', 'request', 'to', 'MHB', '']"
289,"['@shellythakur4', 'We', 'request', 'you', 'that', 'if', 'the', 'address', 'you', 'provided', 'is', 'not', 'sufficient', 'send', 'us', 'the', 'full', 'address', '.']"
290,"['@breakinglaws68', 'We', 'are', 'sharing', 'your', 'concern', 'with', 'Dindoshi', '']"
291,"['@manishvdhanwani', 'We', 'are', 'sharing', 'your', 'concern', 'with', 'D', 'N', 'Nagar', '']"
292,"['@punittripathi79', 'Please', 'provide', 'the', 'exact', 'location', 'for', 'necessary', 'action']"
293,"['@Atulkvaghasiya', 'We', 'have', 'forwarded', 'your', 'concern', 'to', '@mybmc', 'for', 'necessary', 'action', 'Promptly.']"
294,"['@RohitDKeluskar', 'We', 'have', 'informed', 'the', 'concern', '']"
295,"['@Lijo_Mathai', 'We', 'have', 'intimated', 'your', 'concern', 'to', 'Samtanagar', '', 'traffic', 'branch', 'for', 'necessary', 'action.']"
296,"['@iffu17', 'We', 'have', 'intimated', 'your', 'concern', 'to', 'Vikroli', '', 'traffic', 'branch', 'for', 'necessary', 'action.']"
297,"['@breakinglaws68', 'We', 'have', 'forwarded', 'your', 'concern', 'to', 'Dindoshi', '']"
298,"['@kshilpa19', 'We', 'have', 'escalated', 'your', 'request', 'with', 'Chembur', '']"
299,"['@MathewLathra', 'We', 'have', 'forwarded', 'your', 'concern', 'to', 'Antop', 'hill', '']"
300,"['@DamienA0709', 'We', 'have', 'intimated', 'your', 'concern', 'to', '', 'Bkc', 'traffic', 'branch', 'for', 'necessary', 'action.']"
301,"['@sunnystrategic', 'We', 'have', 'shared', 'this', 'with', 'a', 'senior', 'official', 'of', 'the', 'Dindoshi', 'traffic', 'division', 'for', 'necessary', 'stern', 'actions.']"
302,"['@rajivsharma2012', 'We', 'have', 'informed', 'the', 'Vakola', '']"
303,"['@afzalamirshaikh', 'We', 'have', 'intimated', 'your', 'concern', 'to', 'Dahisar', 'traffic', 'branch', 'for', 'necessary', 'action.']"
304,"['@MeMumbaikar8', 'We', 'have', 'forwarded', 'your', 'concern', 'to', 'Borivali', '']"
305,"['@Deepakt70043984', 'We', 'have', 'forwarded', 'your', 'concern', 'to', 'Bhoiwada', '']"
306,"['@SouthMumbai2', 'We', 'have', 'forwarded', 'your', 'concern', 'to', 'D', 'B', 'Marg', '']"
307,"['@caankittotla', 'We', 'have', 'forwarded', 'your', 'concern', 'to', 'D', 'N', 'nagar', '']"
308,"['@ImmanuelRajanN1', 'We', 'have', 'intimated', 'your', 'concern', 'to', 'Chembur', 'traffic', 'branch', 'for', 'necessary', 'action.']"
309,"['@BhaktiMargVoice', 'Mulund', '']"
310,"['@DarshC10', 'We', 'request', 'you', 'to', 'provide', 'exact', 'location', 'details', 'for', 'further', 'action.']"
311,"['@MumbaiSuburbs', 'We', 'have', 'forwarded', 'your', 'concern', 'to', 'Ghatkopar', '']"
312,"['@compound_tyres', 'Please', 'register', 'a', 'complaint', 'by', 'visiting', 'the', 'nearest', 'Police', 'station', 'regarding', 'your', 'issue.']"
313,"['@GDpenha', 'We', 'have', 'escalated', 'your', 'request', 'with', 'Kurla', '']"
314,"['@TaslimA72816479', 'Dindoshi', '']"
315,"['@iamsandesh007', 'We', 'have', 'informed', 'to', 'concern', 'team.']"
316,"['@RamkumarIyer68', 'We', 'have', 'forwarded', 'your', 'concern', 'to', 'Chembur', '']"
317,"['@ambika_poojari', 'We', 'have', 'escalated', 'your', 'request', 'with', 'Kandivali', '']"
318,"['@prince8575', 'Please', 'register', 'a', 'complaint', 'by', 'visiting', 'the', 'nearest', 'Police', 'Station.']"
319,"['@MaladBuzz', 'Malad', '']"
320,"['@biggbozzs', 'We', 'have', 'intimated', 'your', 'concern', 'to', 'Kanjurmarg', 'traffic', 'branch', 'for', 'necessary', 'action.']"
321,"['@Pranavj40', 'The', 'Malabar', 'hill', 'traffic', 'division', 'has', 'been', 'alerted', 'about', 'necessary', 'actions.']"
322,"['@Pranavj40', 'We', 'request', 'you', 'that', 'if', 'the', 'address', 'you', 'provided', 'is', 'not', 'sufficient', 'send', 'us', 'the', 'full', 'address']"
323,"['@VoiceForINDIA3', 'The', 'Malad', 'traffic', 'division', 'has', 'been', 'alerted', 'about', 'necessary', 'actions.']"
324,"['@ParodyParesh', 'We', 'have', 'escalated', 'your', 'request', 'with', 'Kandivali', '']"
325,"['@samirshah6600', 'We', 'have', 'escalated', 'your', 'request', 'with', 'Pydhunie', '']"
326,"['@VoiceForINDIA3', 'We', 'request', 'you', 'to', 'provide', 'exact', 'location', 'details', 'for', 'further', 'action.']"
327,"['@Madan_R_Darade', 'We', 'have', 'intimated', 'your', 'concern', 'to', 'Mankhurd', 'traffic', 'branch', 'for', 'necessary', 'action.']"
328,"['@Feroz_Amir_Khan', 'We', 'have', 'intimated', 'your', 'concern', 'to', 'Oshiwara', 'traffic', 'branch', 'for', 'necessary', 'action.']"
329,"['@SommerMillenial', 'We', 'have', 'forwarded', 'your', 'concern', 'to', '@mybmc', 'for', 'necessary', 'action', 'Promptly.']"
330,"['@NelsonR73324604', 'We', 'have', 'forwarded', 'your', 'concern', 'to', 'Vakola', '']"
331,"['@arz_elch91', 'We', 'have', 'informed', 'Matunga', '']"
332,"['@arz_elch91', 'We', 'have', 'informed', 'Matunga', '']"
333,"['@TaslimA72816479', 'We', 'are', 'sharing', 'your', 'concern', 'with', 'Dindoshi', '']"
334,"['@arz_elch91', 'We', 'request', 'you', 'that', 'if', 'the', 'address', 'you', 'provided', 'is', 'not', 'sufficient', 'send', 'us', 'the', 'full', 'address']"
335,"['@arz_elch91', 'We', 'request', 'you', 'that', 'if', 'the', 'address', 'you', 'provided', 'is', 'not', 'sufficient', 'send', 'us', 'the', 'full', 'address']"
336,"['@TaslimA72816479', 'We', 'request', 'you', 'that', 'if', 'the', 'address', 'you', 'provided', 'is', 'not', 'sufficient', 'send', 'us', 'the', 'full', 'address']"
337,"['@caankittotla', 'We', 'request', 'you', 'that', 'if', 'the', 'address', 'you', 'provided', 'is', 'not', 'sufficient', 'send', 'us', 'the', 'full', 'address']"
338,"['@iTwistRules', 'We', 'request', 'you', 'that', 'if', 'the', 'address', 'you', 'provided', 'is', 'not', 'sufficient', 'send', 'us', 'the', 'full', 'address']"
339,"['@ameya91', 'We', 'are', 'sharing', 'your', 'concern', 'with', 'Dahisar', '']"
340,"['@renishpatel22', 'We', 'request', 'you', 'that', 'if', 'the', 'address', 'you', 'provided', 'is', 'not', 'sufficient', 'send', 'us', 'the', 'full', 'address']"
341,"['@bjymm217', 'We', 'are', 'sharing', 'your', 'concern', 'with', 'DB', 'Marg', '']"
342,"['@SouthMumbai2', 'We', 'have', 'informed', 'Tardeo', '']"
343,"['@SouthMumbai2', 'We', 'have', 'informed', 'Tardeo', '']"
344,"['@Prakash04380729', 'We', 'have', 'informed', 'Dadar', '']"
345,"['@UpalkarAkash', 'We', 'are', 'sharing', 'your', 'concern', 'with', 'Byculla', '']"
346,"['@mkshanklesha', 'We', 'have', 'requested', '@ThaneCityPolice', 'traffic', 'division', 'to', 'look', 'into', 'this', 'as', 'they', 'can', 'help', 'the', 'best', 'in', 'their', 'jurisdiction']"
347,"['@KanwaljitNagpal', 'We', 'are', 'sharing', 'your', 'concern', 'with', 'Wadala', '']"
348,"['@satya200597', 'We', 'are', 'sharing', 'your', 'concern', 'with', 'Vikhroli', '']"
349,"['@BeingVipin99', 'We', 'request', 'you', 'that', 'if', 'the', 'address', 'you', 'provided', 'is', 'not', 'sufficient', 'send', 'us', 'the', 'full', 'address']"
350,"['@happysjain', 'We', 'are', 'sharing', 'your', 'concern', 'with', 'Dindoshi', '']"
351,"['@asifsha72326030', 'We', 'have', 'informed', '', 'Matunga', '']"
352,"['@Ankurjainbhl', 'We', 'have', 'escalated', 'your', 'request', 'with', '', 'Sakinaka', '', '']"
353,"['@I_wall_e', 'We', 'have', 'forwarded', 'your', 'concern', 'to', 'DN', 'Nagar', '']"
354,"['@khanros68134211', 'We', 'request', 'you', 'to', 'file', 'a', 'grievance', 'on', 'the', '#Mumtrafficapp', 'for', 'a', 'swift', 'resolution.']"
355,"['@sudarshan2927', 'We', 'are', 'sharing', 'your', 'concern', 'with', 'Vikhroli', '']"
356,"['@beingcool9761', 'We', 'have', 'intimated', 'your', 'concern', 'to', 'Powai', 'traffic', 'branch', 'for', 'necessary', 'action.']"
357,"['@CosmicMold', 'We', 'have', 'shared', 'your', 'concern', 'with', '@mybmc', 'for', 'necessary', 'action', 'Promptly.']"
358,"['@singh_sushant', 'We', 'are', 'sharing', 'your', 'concern', 'with', 'Wadala', '']"
359,"['@iTwistRules', 'We', 'request', 'you', 'that', 'if', 'the', 'address', 'you', 'provided', 'is', 'not', 'sufficient', 'send', 'us', 'the', 'full', 'address']"
360,"['@eattrails', 'We', 'are', 'sharing', 'your', 'concern', 'with', 'Worli', '']"
361,"['@Prakash04380729', 'We', 'are', 'sharing', 'your', 'concern', 'with', 'Dadar', '']"
362,"['@NelsonR73324604', 'We', 'request', 'you', 'that', 'if', 'the', 'address', 'you', 'provided', 'is', 'not', 'sufficient', 'send', 'us', 'the', 'full', 'address']"
363,"['@vishal_locobuzz', 'We', 'are', 'sharing', 'your', 'concern', 'with', 'MIDC', '']"
364,"['@edroossarf', 'We', 'are', 'sharing', 'your', 'concern', 'with', 'Santacruz', '']"
365,"['@SohamBawaskar', 'We', 'have', 'requested', '@ThaneCityPolice', 'traffic', 'division', 'to', 'look', 'into', 'this', 'as', 'they', 'can', 'help', 'the', 'best', 'in', 'their', 'jurisdiction']"
366,"['@singh_sushant', 'We', 'request', 'you', 'that', 'if', 'the', 'address', 'you', 'provided', 'is', 'not', 'sufficient', 'send', 'us', 'the', 'full', 'address']"
367,"['@vishal_locobuzz', 'We', 'are', 'sharing', 'your', 'concern', 'with', 'sakinaka', '']"
368,"['@vishal_locobuzz', 'We', 'request', 'you', 'that', 'if', 'the', 'address', 'you', 'provided', 'is', 'not', 'sufficient', 'send', 'us', 'the', 'full', 'address']"
369,"['@Deepakkanojia96', 'We', 'have', 'intimated', 'your', 'concern', 'to', 'Bkc', 'traffic', 'branch', 'for', 'necessary', 'action.']"
370,"['@Deepakkanojia96', 'We', 'request', 'you', 'that', 'if', 'the', 'address', 'you', 'provided', 'is', 'not', 'sufficient', 'send', 'us', 'the', 'full', 'address']"
371,"['@Bhartiy19273132', 'We', 'have', 'intimated', 'your', 'concern', 'to', 'D.N', 'Nagar', 'traffic', 'branch', 'for', 'necessary', 'action.']"
372,"['Signs', 'that', 'will', 'always', 'lead', 'you', 'down', 'the', 'right', 'road.\n\n#FollowTheSigns', '#HappyDussehra', '#Dussehra2022', 'https://t.co/wbhbHyX57c']"
373,"['@priyankasathe24', '@CPMumbaiPolice', '@MumbaiPolice', 'We', 'have', 'intimated', 'your', 'concern', 'to', 'Dadar', 'traffic', 'branch', 'for', 'necessary', 'action.']"
374,"['@priyankasathe24', '@MumbaiPolice', '@CPMumbaiPolice', 'We', 'have', 'intimated', 'your', 'concern', 'to', 'Dadar', 'traffic', 'branch', 'for', 'necessary', 'action.']"
375,"['@akshaygup1', 'We', 'are', 'sharing', 'your', 'concern', 'with', 'Dadar', '']"
376,"['@ashnevgi', 'Borivali', '']"
377,"['@SachinBHILARE6', 'We', 'have', 'escalated', 'your', 'request', 'with', 'Goregaon', '']"
378,"['@SachinBHILARE6', 'We', 'request', 'you', 'to', 'provide', 'exact', 'location', 'details', 'for', 'further', 'action.']"
379,"['@murtuzaghadyali', 'We', 'request', 'you', 'to', 'file', 'a', 'grievance', 'on', 'the', '#Mumtrafficapp', 'for', 'a', 'swift', 'resolution.']"
380,"['@TahaRaj15', 'The', 'Oshiwara', 'traffic', 'division', 'has', 'been', 'alerted', 'about', 'necessary', 'actions.']"
381,"['@SagarKantharia', 'The', 'Santacruz', 'traffic', 'division', 'has', 'been', 'alerted', 'about', 'necessary', 'actions.']"
382,"['@riteshjaincji', 'We', 'have', 'escalated', 'your', 'request', 'with', 'Matunga', '']"
383,"['@KanwaljitNagpal', 'Action', 'taken', 'on', 'above', 'mentioned', 'vehicle', '', 'u/s', 'Sec', '184', 'of', 'M.V.', 'Act.']"
384,"['@Crusader9009', 'The', 'Santacruz', 'traffic', 'division', 'has', 'been', 'alerted', 'about', 'necessary', 'actions.']"
385,"['@SagarKa64650818', 'We', 'request', 'you', 'to', 'provide', 'exact', 'location', 'details', 'for', 'further', 'action.']"
386,"['@NasirSh86042113', 'The', 'Goregaon', 'traffic', 'division', 'has', 'been', 'alerted', 'about', 'necessary', 'actions.']"
387,"['@xpertnitesh', 'The', 'Borivali', 'traffic', 'division', 'has', 'been', 'alerted', 'about', 'necessary', 'actions.']"
388,"['@RamnathkarK', 'Action', 'taken', 'on', 'above', 'mentioned', 'vehicle', 'u/s', 'Sec\n129/194(D)', '', 'of', 'M.V.', 'Act.']"
389,"['@mufc_mitron', 'The', 'Chunnabhatti', 'traffic', 'division', 'has', 'been', 'alerted', 'about', 'necessary', 'actions.']"
390,"['@RamnathkarK', 'Action', 'taken', 'on', 'above', 'mentioned', 'vehicle', 'u/s', '122/177', 'of', 'M.V.', 'Act.']"
391,"['@crimehuman', 'Action', 'taken', 'on', 'above', 'mentioned', 'vehicle', 'u/s', '178', 'of', 'M.V.', 'Act.']"
392,"['@AtuelMasurkar', 'The', 'Dadar', 'traffic', 'division', 'has', 'been', 'alerted', 'about', 'necessary', 'actions.']"
393,"['@HARSHAR92758120', 'The', 'Chembur', 'traffic', 'division', 'has', 'been', 'alerted', 'about', 'necessary', 'actions.']"
394,"['@SudhirN75201618', 'The', 'Marin', 'drive', 'traffic', 'division', 'has', 'been', 'alerted', 'about', 'necessary', 'actions.']"
395,"['@LALITJA66118734', 'We', 'have', 'escalated', 'your', 'request', 'with', 'Chembur', '']"
396,"['@ItsMePols', 'We', 'request', 'you', 'to', 'provide', 'exact', 'location', 'details', 'for', 'further', 'action.']"
397,"['@mumbaimatterz', 'We', 'have', 'escalated', 'your', 'request', 'with', 'Mahim', '']"
398,"['@chatrchatr', 'We', 'have', 'escalated', 'your', 'request', 'with', 'Samtanagar', '']"
399,"['@TejasUnadkat86', 'Borivali', '']"
400,"['@sktc2019', 'We', 'request', 'you', 'that', 'if', 'the', 'address', 'you', 'provided', 'is', 'not', 'sufficient', 'send', 'us', 'the', 'full', 'address', '.']"
401,"['@shellythakur4', 'We', 'request', 'you', 'that', 'if', 'the', 'address', 'you', 'provided', 'is', 'not', 'sufficient', 'send', 'us', 'the', 'full', 'address', '.']"
402,"['@gauravjain159', 'We', 'have', 'forwarded', 'your', 'concern', 'to', '@mybmc', 'for', 'necessary', 'action', 'Promptly.']"
403,"['@shreyansb12', 'We', 'have', 'intimated', 'your', 'concern', 'to', 'Jogeshwari', 'traffic', 'branch', 'for', 'necessary', 'action.']"
404,"['@crimehuman', 'We', 'have', 'forwarded', 'your', 'concern', 'to', 'Dn', 'Nagar', '']"
405,"['@ShwnPerera', 'We', 'have', 'intimated', 'your', 'concern', 'to', 'Jogeshwari', 'traffic', 'branch', 'for', 'necessary', 'action']"
406,"['@azhar848484', 'Jogeshwari', '']"
407,"['@swapnilp79', 'We', 'have', 'shared', 'this', 'with', 'senior', 'official', 'of', 'the', 'Chembur', 'traffic', 'division', 'for', 'necessary', 'stern', 'actions.']"
408,"['@TejasUnadkat86', 'We', 'request', 'you', 'that', 'if', 'the', 'address', 'you', 'provided', 'is', 'not', 'sufficient', 'send', 'us', 'the', 'full', 'address']"
409,"['@KanwaljitNagpal', 'We', 'have', 'escalated', 'your', 'request', 'with', 'Mankhurd', '']"
410,"['@Shubham_Bane456', 'We', 'request', 'you', 'that', 'if', 'the', 'address', 'you', 'provided', 'is', 'not', 'sufficient', 'send', 'us', 'the', 'full', 'address']"
411,"['@Namofeku12345', 'We', 'have', 'escalated', 'your', 'request', 'with', 'Sakinaka', '']"
412,"['@Weworkfoundati2', 'We', 'have', 'forwarded', 'your', 'concern', 'to', 'D', 'N', 'Nagar', '']"
413,"['@RamnathkarK', 'We', 'have', 'intimated', 'your', 'concern', 'to', 'Goregaon', 'traffic', 'branch', 'for', 'necessary', 'action.']"
414,"['@RamnathkarK', 'Goregaon', '']"
415,"['The', 'following', 'parking', 'arrangements', 'have', 'been', 'made', 'for', 'the', 'vehicles', 'of', 'citizens', 'attending', 'the', 'Dussehra', 'Mela', 'organize…', 'https://t.co/Rk2jkFNiIR']"
416,"['@murarkas', 'We', 'have', 'intimated', 'your', 'concern', 'to', 'Goregaon', 'traffic', 'branch', 'for', 'necessary', 'action.']"
417,"['@murarkas', 'Goregaon', '']"
418,"['@abhinayman', 'We', 'have', 'intimated', 'your', 'concern', 'to', 'matunga', 'traffic', 'branch', 'for', 'necessary', 'action.']"
419,"['@rbshetty', 'We', 'have', 'intimated', 'your', 'concern', 'to', 'Sakinaka', 'traffic', 'branch', 'for', 'necessary', 'action.']"
420,"['@veena_to', 'We', 'have', 'forwarded', 'your', 'concern', 'to', 'Vikhroli', '']"
421,"['@RamnathkarK', 'Please', 'provide', 'the', 'exact', 'location', 'for', 'necessary', 'action']"
422,"['@rajanrssom', 'We', 'are', 'sharing', 'your', 'concern', 'with', 'MIDC', '']"
423,"['@njmraju', 'We', 'are', 'sharing', 'your', 'concern', 'with', 'Mankhurd', '']"
424,"['@msrivenkatesh', 'We', 'have', 'intimated', 'your', 'concern', 'to', 'Ghatkopar', 'traffic', 'branch', 'for', 'necessary', 'action.']"
425,"['@BoleTuu', 'We', 'are', 'sharing', 'your', 'concern', 'with', 'Bandra', '']"
426,"['@utkarshstiwari', 'We', 'are', 'sharing', 'your', 'concern', 'with', 'Sahar', '']"
427,"['@rpramodhkumar', 'We', 'are', 'sharing', 'your', 'concern', 'with', 'MIDC', '']"
428,"['@DeepakChheda16', 'We', 'have', 'forwarded', 'your', 'concern', 'to', '@mybmc', 'for', 'necessary', 'action', 'Promptly.']"
429,"['@KamleshMSalunk1', 'We', 'request', 'you', 'that', 'if', 'the', 'address', 'you', 'provided', 'is', 'not', 'sufficient', 'send', 'us', 'the', 'full', 'address']"
430,"['@spidey_18', 'We', 'have', 'intimated', 'your', 'concern', 'to', 'MIDC', 'traffic', 'branch', 'for', 'necessary', 'action.']"
431,"['@Harshabhambhan1', 'We', 'have', 'forwarded', 'your', 'concern', 'to', 'Tardeo', '']"
432,"['@AmandeepIYC', 'We', 'have', 'intimated', 'your', 'concern', 'to', 'Borivali', 'traffic', 'branch', 'for', 'necessary', 'action.']"
433,"['@utkarshstiwari', 'We', 'request', 'you', 'that', 'if', 'the', 'address', 'you', 'provided', 'is', 'not', 'sufficient', 'send', 'us', 'the', 'full', 'address']"
434,"['@ImmanuelRajanN1', 'We', 'have', 'intimated', 'your', 'concern', 'to', 'Chembur', 'traffic', 'branch', 'for', 'necessary', 'action.']"
435,"['@ImmanuelRajanN1', 'We', 'have', 'intimated', 'your', 'concern', 'to', 'chembur', 'traffic', 'branch', 'for', 'necessary', 'action.']"
436,"['@priyankasathe24', 'We', 'have', 'intimated', 'your', 'concern', 'to', 'Dadar', 'traffic', 'branch', 'for', 'necessary', 'action.']"
437,"['@ImmanuelRajanN1', 'We', 'are', 'sharing', 'your', 'concern', 'with', 'Chembur', '']"
438,"['@Sunny2477', 'We', 'have', 'forwarded', 'your', 'concern', 'to', 'Kurla', '']"
439,"['@ImmanuelRajanN1', 'Chembur', '']"
440,"['@priyankasathe24', 'We', 'are', 'sharing', 'your', 'concern', 'with', 'Worli', '']"
441,"['@priyankasathe24', 'We', 'have', 'forwarded', 'your', 'concern', 'to', 'Worli', '', '']"
442,"['@prasie44', 'We', 'are', 'sharing', 'your', 'concern', 'with', 'Borivali', '']"
443,"['@prasie44', 'Please', 'provide', 'the', 'exact', 'location', 'for', 'necessary', 'action']"
444,"['@HiteshV72964098', 'We', 'have', 'forwarded', 'your', 'concern', 'to', 'Vakola', '']"
445,"['@GoodBadUgly22', 'We', 'have', 'informed', 'Malad', '', '']"
446,"['@GoodBadUgly22', 'We', 'have', 'informed', 'concern', '']"
447,"['@Marathi___', 'We', 'have', 'informed', '', 'Malad', '']"
448,"['@GirishW61964277', 'We', 'have', 'informed', 'concern', '']"
449,"['@PervezCooper', 'We', 'are', 'sharing', 'your', 'concern', 'with', 'Colaba', '']"
450,"['@DivakarAshokCh1', 'We', 'have', 'informed', '', 'Santacruz', '']"
451,"['@AtifSha61344268', 'We', 'have', 'informed', '', 'Santacruz', '', '']"
452,"['@DedhiaRikin', 'D', 'N', 'Nagar', '']"
453,"['@NitinRDalvi1', '@CMOMaharashtra', '@DGPMaharashtra', '@CPMumbaiPolice', '@AAPMumbai', '@AapDirectory', '@aap_marathi', '@AYWMumbai…', 'https://t.co/vkwuGFf8A1']"
454,"['@NcpChandivali', 'We', 'have', 'informed', 'Sakinaka', '']"
455,"['@theSagarDesai', 'We', 'have', 'informed', 'Malad', '']"
456,"['@hellodrsandeep', '.', 'We', 'have', 'informed', 'Malad', '']"
457,"['@prasadvarekar', 'We', 'have', 'escalated', 'your', 'request', 'with', 'Vikroli', '']"
458,"['@jaychheda27', 'We', 'request', 'you', 'to', 'file', 'a', 'grievance', 'on', 'the', 'Mumtrafficapp', 'for', 'a', 'swift', 'resolution']"
459,"['@SachinBHILARE6', 'We', 'have', 'forwarded', 'your', 'concern', 'to', 'Goregaon', '']"
460,"['@vora_kalyanji', 'We', 'have', 'escalated', 'your', 'request', 'with', 'Matunga', '']"
461,"['@kapzaveri', 'Please', 'register', 'a', 'complaint', 'by', 'visiting', 'the', 'nearest', 'Police', 'station', 'regarding', 'your', 'issue.']"
462,"['In', 'view', 'of', 'Dussehra', 'Mela', 'to', 'be', 'held', 'at', 'Shivaji', 'Park,', 'Dadar', 'on', 'October', '5,', '2022,', 'to', 'avoid', 'traffic', 'congestion', 'on', 'the', 'n…', 'https://t.co/ZcRzKmoIBO']"
463,"['To', 'avoid', 'traffic', 'congestion', 'on', 'Western', 'Expressway', 'and', 'nearby', 'roads', 'due', 'to', '#Dussehra', 'Mela', 'held', 'at', 'MMRDA', 'Ground,', 'BKC,…', 'https://t.co/1t4XvxWHYN']"
464,"['@1d48574af1f14af', 'We', 'have', 'intimated', 'your', 'concern', 'to', 'Jogeshwari', '', 'traffic', 'branch', 'for', 'necessary', 'action.']"
465,"['Due', 'to', 'crowding', 'in', 'Dadar', 'market,', 'traffic', 'vehicular', 'movement', 'is', 'slow', 'at', 'Dadar', 'Nakshatra', 'Mall.#MTPTrafficUpdates']"
466,"['@AdenwalaAshraf', 'We', 'have', 'escalated', 'your', 'request', 'with', 'D.N', 'Nagar', '']"
467,"['@dhananjaymull', 'We', 'have', 'intimated', 'your', 'concern', 'to', 'Concerned', '', 'traffic', 'branch', 'for', 'necessary', 'action.']"
468,"['@ZahidFKhambatti', 'We', 'have', 'intimated', 'your', 'concern', 'to', 'MIDC', '', 'traffic', 'branch', 'for', 'necessary', 'action.']"
469,"['@Ankush1730Gupta', 'We', 'request', 'you', 'to', 'file', 'a', 'grievance', 'on', 'the', '#Mumtrafficapp', 'for', 'a', 'swift', 'resolution.']"
470,"['@realniteshmagar', 'We', 'have', 'informed', 'concern', 'MIDC', '']"
471,"['@KshitijSanghani', 'We', 'have', 'informed', 'concern', 'worli', '']"
472,"['@weknowthevs927', 'Chunabhatti', '']"
473,"['@bongalibabu', 'Bkc', '']"
474,"['@BapnaVijay', 'We', 'have', 'intimated', 'your', 'concern', 'to', 'dadar', 'traffic', 'branch', 'for', 'necessary', 'action.']"
475,"['@susanmuchhala', 'We', 'have', 'intimated', 'your', 'concern', 'to', 'Concerned', 'traffic', 'branch', 'for', 'necessary', 'action.']"
476,"['@AdenwalaAshraf', 'We', 'have', 'intimated', 'your', 'concern', 'to', 'Oshiwara', 'traffic', 'branch', 'for', 'necessary', 'action.']"
477,"['@CA_AdityaSesh', 'We', 'have', 'intimated', 'your', 'concern', 'to', 'worli', 'traffic', 'branch', 'for', 'necessary', 'action.']"
478,"['@CA_AdityaSesh', 'We', 'have', 'intimated', 'your', 'concern', 'to', 'worli', 'traffic', 'branch', 'for', 'necessary', 'action.']"
479,"['@akshay_sd1', 'We', 'have', 'informed', 'concern', 'worli', '']"
480,"['@MammooAltaf', 'We', 'are', 'sharing', 'your', 'concern', 'with', 'Dadar', '']"
481,"['@Luftstretkrafte', 'We', 'have', 'escalated', 'your', 'request', 'with', 'chembur', '']"
482,"['@weknowthevs927', '@MumbaiPolice', '@DGPMaharashtra', '@CMOMaharashtra', 'Please', 'provide', 'the', 'exact', 'location', 'for', 'further', 'action.']"
483,"['@Breath_Marathi', '@MumbaiPolice', 'We', 'have', 'intimated', 'your', 'concern', 'to', 'Byculla', 'traffic', 'branch', 'for', 'necessary', 'action.']"
484,"['@ChanakyaShah', 'We', 'are', 'sharing', 'your', 'concern', 'with', 'AzadMaidan', '']"
485,"['@Riturajpatel123', '@Luftstretkrafte', '@CPMumbaiPolice', '@Rtr_IPS', '@DGPMaharashtra', '@MahaDGIPR', '@mumbaimatterz', '@RoadsOfMumbai…', 'https://t.co/slo8V6eII5']"
486,"['@MumbaiPolice', 'We', 'have', 'informed', 'Dadar', '']"
487,"['@saurabhmishrar', 'We', 'have', 'informed', 'Sahar', '', '']"
488,"['@storyteller87', 'We', 'have', 'informed', 'Sahar', '']"
489,"['@GdT116', 'We', 'have', 'informed', '', 'MIDC', '']"
490,"['@rohitshinde1001', 'We', 'have', 'informed', 'Sahar', '', '']"
491,"['@PBagwadkar', 'We', 'have', 'informed', 'concern', '']"
492,"['@Luftstretkrafte', 'Please', 'provide', 'the', 'exact', 'location', 'for', 'necessary', 'action']"
493,"['@superselector5', 'We', 'have', 'informed', '', 'D', '.N.', 'Nagar', '']"
494,"['@Snehal44678851', 'We', 'have', 'informed', 'Vakola', '']"
495,"['Due', 'to', 'large', 'number', 'of', 'people', 'attending', 'Dussehra', 'Melava', 'organised', 'on', '5th', 'Oct.', 'at', 'Shivaji', 'Park', 'Dadar', '&amp;', 'to', 'avoid', 'traf…', 'https://t.co/2CJDluHZVM']"
496,"['Due', 'to', 'large', 'number', 'of', 'people', 'attending', 'Dussehra', 'Melava', 'organised', 'on', '5th', 'Oct.', 'at', 'MMRDA', 'ground,BKC,', 'Bandra', '(E)', '&amp;', 'to…', 'https://t.co/Plt9VT08uy']"
497,"['@kiranmane2014', 'We', 'are', 'sharing', 'your', 'concern', 'with', 'Vikroli', '']"
498,"['@Deepak48139888', 'We', 'have', 'escalated', 'your', 'request', 'with', 'Goregaon', '']"
499,"['@rajivsharma2012', 'We', 'are', 'sharing', 'your', 'concern', 'with', 'Dahisar', '']"
500,"['@Wee_Da_People', 'We', 'have', 'escalated', 'your', 'request', 'with', 'Bandra', '']"
501,"['@pallschk', 'We', 'have', 'forwarded', 'your', 'concern', 'to', 'Samtanagar', '']"
502,"['@mumbaimatterz', 'Please', 'provide', 'the', 'exact', 'location', 'for', 'necessary', 'action.']"
503,"['@manutdeepak', 'Request', '@MumbaiPolice', 'to', 'kindly', 'look', 'into', 'matter.']"
504,"['@SachinBHILARE6', 'Action', 'taken', 'on', 'above', 'mentioned', 'vehicle', '05', 'vehicles', 'u/s', '122of', 'M.V.', 'Act.']"
505,"['@Shiva_Nadar1977', 'We', 'have', 'forwarded', 'your', 'concern', 'to', 'Dharavi', '']"
506,"['@shashiy555', 'Request', '@MumbaiPolice', 'to', 'kindly', 'look', 'into', 'matter.']"
507,"['@pubgbha', 'We', 'have', 'escalated', 'your', 'request', 'with', 'Dahisar', '']"
508,"['@KetanSh83710623', 'This', 'is', 'not', 'mumbai', 'traffic', 'jurisdiction', ',', 'pls', 'contact', 'New', 'Mumbai', 'traffic', 'jurisdiction']"
509,"['@Ahtcsvhub', 'We', 'have', 'escalated', 'your', 'request', 'with', 'Goregaon/Malad', '']"
510,"['@khanna1992', 'We', 'have', 'escalated', 'your', 'request', 'with', 'DN', 'Nagar', '']"
511,"['@khanna1992', 'We', 'request', 'you', 'to', 'provide', 'exact', 'location', 'details', 'for', 'further', 'action.']"
512,"['@Ahtcsvhub', 'We', 'have', 'escalated', 'your', 'request', 'with', 'Dadar', '']"
513,"['@raha_iman', 'We', 'have', 'informed', 'concern', '']"
514,"['@Athas79_', 'We', 'have', 'informed', 'Santacruz', '']"
515,"['@soumyamhapatra', 'We', 'have', 'forwarded', 'your', 'concern', 'to', 'Worli', '', '']"
516,"['@viveksah', 'We', 'have', 'escalated', 'your', 'request', 'with', 'Santacruz', '']"
517,"['@lalkishadv', 'We', 'have', 'forwarded', 'your', 'concern', 'to', 'Bandra', '']"
518,"['@juzer101', 'We', 'have', 'escalated', 'your', 'request', 'with', 'Sahar', '', '']"
519,"['@ChanakyaShah', 'Please', 'provide', 'the', 'exact', 'location', 'for', 'necessary', 'action.']"
520,"['@santchinu', 'We', 'have', 'forwarded', 'your', 'concern', 'to', 'Goregaon', '']"
521,"['@379592', 'We', 'have', 'forwarded', 'your', 'concern', 'to', 'Borivali', '']"
522,"['@ReInOvaTor_Pops', 'We', 'are', 'sharing', 'your', 'concern', 'with', 'Mulund', '']"
523,"['@abhi7420', 'We', 'have', 'informed', 'concern', '']"
524,"['@NasirSh86042113', 'We', 'have', 'forwarded', 'your', 'concern', 'to', 'Malad', '']"
525,"['@SAlgota', 'Please', 'provide', 'the', 'exact', 'location', 'for', 'necessary', 'action']"
526,"['@Givemeole', 'We', 'have', 'escalated', 'your', 'request', 'with', 'BKC', '']"
527,"['@NasirSh86042113', 'We', 'have', 'informed', 'D', 'N', 'Ngr', '']"
528,"['@Shahhiren77', 'We', 'have', 'informed', 'Santacruz', '']"
529,"['@RamnathkarK', 'We', 'have', 'informed', 'Malad', '']"
530,"['@ZeenalG', 'We', 'have', 'informed', 'Kurla', '']"
531,"['@AmBhatia09', 'The', 'BKC', 'traffic', 'division', 'has', 'been', 'alerted', 'about', 'necessary', 'actions.']"
532,"['@samirshah6600', 'The', 'pydhonie', 'traffic', 'division', 'has', 'been', 'alerted', 'about', 'necessary', 'actions.']"
533,"['@rpramodhkumar', 'The', 'Sahar', 'traffic', 'division', 'has', 'been', 'alerted', 'about', 'necessary', 'actions.']"
534,"['@PatelMatin2', 'The', 'jogeshwari', 'traffic', 'division', 'has', 'been', 'alerted', 'about', 'necessary', 'actions.']"
535,"['@DhangarHanmanta', 'The', 'Sahar', 'traffic', 'division', 'has', 'been', 'alerted', 'about', 'necessary', 'actions.']"
536,"['@im_drsagar', 'The', 'Borivali', 'traffic', 'division', 'has', 'been', 'alerted', 'about', 'necessary', 'actions.']"
537,"['@drushticone', 'The', 'Borivali', 'traffic', 'division', 'has', 'been', 'alerted', 'about', 'necessary', 'actions.']"
538,"['@isha_dalvi', 'The', 'Mulund', 'traffic', 'division', 'has', 'been', 'alerted', 'about', 'necessary', 'actions.']"
539,"['@Brajeshjha', 'The', 'Dadar', 'traffic', 'division', 'has', 'been', 'alerted', 'about', 'necessary', 'actions.']"
540,"['@NasirSh86042113', 'Oshiwara', '']"
541,"['@_irohinisingh_', 'Colaba', '']"
542,"['@niharmehta', 'Azad', 'maidan', '']"
543,"['@tandavnews24', 'Jogeshwari', '']"
544,"['@Rathore_RDX', 'Mulund', '']"
545,"['@MNCDFbombay', 'Please', 'register', 'The', 'complaint', '', 'Bandra', '']"
546,"['@ImmanuelRajanN1', 'We', 'have', 'escalated', 'your', 'request', 'with', 'Chembur', '']"
547,"['@_irohinisingh_', 'Please', 'provide', 'the', 'exact', 'location', 'for', 'necessary', 'action']"
548,"['@tanmay_shinde99', 'We', 'have', 'forwarded', 'your', 'concern', 'to', 'Pydhuni', '']"
549,"['@Ahtcsvhub', 'We', 'are', 'sharing', 'your', 'concern', 'with', 'Dadar', '']"
550,"['@ImmanuelRajanN1', 'We', 'have', 'forwarded', 'your', 'concern', 'to', 'Chembur', '']"
551,"['@fundametaltrade', 'We', 'request', 'you', 'to', 'file', 'a', 'grievance', 'on', 'the', '#Mumtrafficapp', 'for', 'a', 'swift', 'resolution.']"
552,"['@NageshKalasgau1', 'We', 'have', 'intimated', 'your', 'concern', 'to', 'DN', 'Nagar', 'traffic', 'branch', 'for', 'necessary', 'action.']"
553,"['@sudhirbhagwat22', 'We', 'are', 'sharing', 'your', 'concern', 'with', 'BKC', '']"
554,"['@AkshayAmberka16', 'We', 'have', 'escalated', 'your', 'request', 'with', 'Pydhunie', '']"
555,"['@LawyerGkm', 'We', 'are', 'sharing', 'your', 'concern', 'with', 'D.B.Marg', '']"
556,"['@Ahtcsvhub', 'We', 'have', 'escalated', 'your', 'request', 'with', 'Dadar', '']"
557,"['@RamnathkarK', 'We', 'have', 'escalated', 'your', 'request', 'with', 'D.N.Nagar', '']"
558,"['@superselector5', 'Malad', '']"
559,"['@BhaktiMargVoice', 'Action', 'has', 'been', 'taken', 'against', 'the', '03', 'Vehicles', '', 'under', 'MVA', 'section', '122M.V.Act.']"
560,"['@SmitKoradia', 'Vakola', '']"
561,"['@superselector5', 'Goregaon', '']"
562,"['@pranam_pitaji', 'The', '', 'Wadala', 'traffic', 'division', 'has', 'been', 'alerted', 'about', 'necessary', 'actions.']"
563,"['@ZahidFKhambatti', 'The', '', 'MIDC', 'traffic', 'division', 'has', 'been', 'alerted', 'about', 'necessary', 'actions.']"
564,"['@AROCKY01891185', 'We', 'have', 'followed', 'you.', 'Please', 'DM', 'us', 'your', 'contact', 'details.']"
565,"['@DhavalAshar5', 'We', 'request', 'you', 'to', 'provide', 'exact', 'location', 'details', 'for', 'further', 'action.']"
566,"['@ZRSoldier1', 'Action', 'has', 'been', 'taken', 'against', 'the', '13', 'Vehicles', '', 'under', 'MVA', 'section', '122M.V.Act.']"
567,"['@AyubShekason', 'Action', 'has', 'been', 'taken', 'against', 'the', '04', 'Vehicles', '', 'under', 'MVA', 'section', '122M.V.Act.']"
568,"['@Chandra82555990', 'The', 'Goregaon', 'traffic', 'division', 'has', 'been', 'alerted', 'about', 'necessary', 'actions.']"
569,"['@rbshetty', 'Action', 'has', 'been', 'taken', 'against', 'the', '15', 'Vehicles', '', 'under', 'MVA', 'section', '122M.V.Act.']"
570,"['@Da1GowaliaTank', 'Action', 'has', 'been', 'taken', 'against', 'the', '30', 'Vehicles', '', 'under', 'MVA', 'section', '122M.V.Act.']"
571,"['@amol_ireland', 'We', 'request', 'you', 'to', 'provide', 'exact', 'location', 'details', 'for', 'further', 'action.']"
572,"['@antony82mario', 'The', 'Chembur', 'traffic', 'division', 'has', 'been', 'alerted', 'about', 'necessary', 'actions.']"
573,"['@MumbaiPolice', 'The', 'Borivali', 'traffic', 'division', 'has', 'been', 'alerted', 'about', 'necessary', 'actions.']"
574,"['@JayeshYewage', 'The', 'Goregaon', 'traffic', 'division', 'has', 'been', 'alerted', 'about', 'necessary', 'actions.']"
575,"['@thakker_nirmal', 'We', 'are', 'sharing', 'your', 'concern', 'with', 'Mulund', '']"
576,"['@S04256125', 'We', 'are', 'sharing', 'your', 'concern', 'with', 'Oshiwara', '']"
577,"['@melwinkitt', 'We', 'are', 'sharing', 'your', 'concern', 'with', 'Bandra', '']"
578,"['@rajukatira1', 'We', 'have', 'escalated', 'your', 'request', 'with', 'Bandra', '']"
579,"['@mumbaimatterz', 'We', 'have', 'informed', 'Mahim', '']"
580,"['@leg_gully', 'Request', 'you', 'to', 'report', 'the', 'matter', 'at', 'nearest', '']"
581,"['@mumbaimatterz', 'We', 'request', 'you', 'to', 'provide', 'exact', 'location', 'details', 'for', 'further', 'action.']"
582,"['@HrutamV', 'The', 'Vakola', 'traffic', 'division', 'has', 'been', 'alerted', 'about', 'necessary', 'actions.']"
583,"['@MrHasanShaikh', 'Please', 'provide', 'the', 'exact', 'location', 'for', 'necessary', 'action']"
584,"['@sudamaram', 'We', 'are', 'sharing', 'your', 'concern', 'with', 'Samtanagar', '']"
585,"['@Da1GowaliaTank', 'We', 'have', 'escalated', 'your', 'request', 'with', 'Kalbadevi', '']"
586,"['@SatyenMehta1', 'We', 'are', 'sharing', 'your', 'concern', 'with', 'Kalbadevi', '']"
587,"['@Pandemic_trader', 'We', 'request', 'you', 'that', 'if', 'the', 'address', 'you', 'provided', 'is', 'not', 'sufficient', 'send', 'us', 'the', 'full', 'address']"
588,"['@SachinBHILARE6', 'We', 'have', 'escalated', 'your', 'request', 'with', 'Goregaon', '']"
589,"['@satarknagnews', 'We', 'have', 'escalated', 'your', 'request', 'with', 'Dadar', '']"
590,"['@DeepakThakurRox', 'We', 'are', 'sharing', 'your', 'concern', 'with', 'Bandra', '']"
591,"['@GowaliaTank2636', 'We', 'are', 'sharing', 'your', 'concern', 'with', 'Tardeo', '']"
592,"['@Suby19862', 'Deonar', '']"
593,"['@SmitKoradia', 'Vakola', '']"
594,"['@rchhedagrc', 'Mulund', '']"
595,"['@amitnagvekar7', 'Dadar', '']"
596,"['@ZahidFKhambatti', 'MIDC', '']"
597,"['@Suby19862', 'Please', 'provide', 'the', 'exact', 'location', 'for', 'necessary', 'action']"
598,"['@swapnnil_more', 'We', 'have', 'requested', '@ThaneCityPolice', 'traffic', 'division', 'to', 'look', 'into', 'this', 'as', 'they', 'can', 'help', 'the', 'best', 'in', 'their', 'jurisdiction']"
599,"['@KoppikerNitish', 'Goregaon', '']"
600,"['@AyubShekason', 'Mankhurd', '']"
601,"['@ikramvora', 'Action', 'has', 'been', 'taken', 'against', 'the', '40', 'Vehicles', 'under', 'MVA', 'section', '122/177', 'MVA.']"
602,"['@AkshayAmberka16', 'We', 'request', 'you', 'that', 'if', 'the', 'address', 'you', 'provided', 'is', 'not', 'sufficient', 'send', 'us', 'the', 'full', 'address']"
603,"['@ZRSoldier1', 'We', 'have', 'escalated', 'your', 'request', 'with', 'Oshiwara', '']"
604,"['@ikramvora', 'We', 'have', 'escalated', 'your', 'request', 'with', 'Dadar', '']"
605,"['@manishsamant93', 'We', 'have', 'escalated', 'your', 'request', 'with', 'Sakinaka', '']"
606,"['@RaghavS01463449', 'Action', 'taken', 'on', 'above', 'mentioned', 'vehicle', 'u/s', '122/177', 'of', 'M.V.Act.']"
607,"['@ek_mumbaikar', 'We', 'have', 'escalated', 'your', 'request', 'with', 'Jogeshwari', '']"
608,"['@JuhuSoc', 'We', 'have', 'escalated', 'your', 'request', 'with', 'Santacruz', '']"
609,"['@PallaviRao1706', 'We', 'have', 'escalated', 'your', 'request', 'with', 'Dadar', '']"
610,"['@ek_mumbaikar', 'We', 'request', 'you', 'that', 'if', 'the', 'address', 'you', 'provided', 'is', 'not', 'sufficient', 'send', 'us', 'the', 'full', 'address']"
611,"['@ImmanuelRajanN1', 'We', 'have', 'escalated', 'your', 'request', 'with', 'Chembur', '']"
612,"['@rbshetty', 'We', 'have', 'escalated', 'your', 'request', 'with', 'Vikroli', '']"
613,"['@Nkshah98004661', 'We', 'are', 'sharing', 'your', 'concern', 'with', 'Kurla', '']"
614,"['@Kaizadiranio', 'We', 'have', 'escalated', 'your', 'request', 'with', 'Byculla', '', '']"
615,"['@KuturAbhishek', 'We', 'have', 'escalated', 'your', 'request', 'with', 'D.N.Nagar', '']"
616,"['@KuturAbhishek', 'We', 'have', 'escalated', 'your', 'request', 'with', 'D.N.Nagar', '']"
617,"['@mehraamol', 'We', 'are', 'sharing', 'your', 'concern', 'with', 'Sakinaka', '']"
618,"['@sunnystrategic', 'We', 'have', 'forwarded', 'your', 'concern', 'to', 'Ghatkopar', '']"
619,"['@BhaktiMargVoice', 'Mulund', '']"
620,"['@speaknow007', 'We', 'are', 'sharing', 'your', 'concern', 'with', 'Chembur', '']"
621,"['@Kamranshk8433', 'We', 'are', 'sharing', 'your', 'concern', 'with', 'Nagpada', '']"
622,"['@saggy_spidey99', 'We', 'have', 'forwarded', 'your', 'concern', 'to', 'Jogeshwari', '']"
623,"['@Prakashmisshra', 'We', 'are', 'sharing', 'your', 'concern', 'with', 'BKC', '']"
624,"['@gleefulblogger', 'We', 'request', 'you', 'to', 'file', 'a', 'grievance', 'on', 'the', '#Mumtrafficapp', 'for', 'a', 'swift', 'resolution.']"
625,"['@MarolMoVo', 'We', 'have', 'escalated', 'your', 'request', 'with', 'MIDC', '']"
626,"['@AnkitDParab1', 'We', 'have', 'informed', 'concern', '']"
627,"['@zyksstar', 'We', 'have', 'informed', 'Powai', '']"
628,"['@KuturAbhishek', 'Action', 'has', 'been', 'taken', 'against', 'the', '7', 'Vehicles', 'under', 'section', '122', 'M.V.A.']"
629,"['@Ahtcsvhub', 'We', 'have', 'informed', 'concern', '']"
630,"['@KuturAbhishek', 'We', 'have', 'informed', 'concern', '']"
631,"['@KuturAbhishek', 'We', 'have', 'escalated', 'your', 'request', 'with', 'DN', 'Nagar', '']"
632,"['@se40561934', 'We', 'have', 'forwarded', 'your', 'concern', 'to', '@mybmc', 'for', 'necessary', 'action', 'Promptly.']"
633,"['@sunchan47297916', 'The', 'Kurla', 'traffic', 'division', 'has', 'been', 'alerted', 'about', 'necessary', 'actions.']"
634,"['@BasrurDurgesh', 'The', 'Goregaon', 'traffic', 'division', 'has', 'been', 'alerted', 'about', 'necessary', 'actions.']"
635,"['@NishaPr75450847', 'The', 'Santacruz', 'traffic', 'division', 'has', 'been', 'alerted', 'about', 'necessary', 'actions.']"
636,"['@SRahivashi', 'The', 'Dadar', 'traffic', 'division', 'has', 'been', 'alerted', 'about', 'necessary', 'actions.']"
637,"['@VijayUllal', 'The', 'DN', 'Nagar', 'traffic', 'division', 'has', 'been', 'alerted', 'about', 'necessary', 'actions.']"
638,"['@SachinBHILARE6', 'The', 'Goregaon', 'traffic', 'division', 'has', 'been', 'alerted', 'about', 'necessary', 'actions.']"
639,"['@vijay2kumar8', 'The', 'Dindoshi', 'traffic', 'division', 'has', 'been', 'alerted', 'about', 'necessary', 'actions.']"
640,"['@M_A_Khan_Adv', 'DN', 'Nagar', '']"
641,"['@emkyub', 'We', 'have', 'escalated', 'your', 'request', 'with', 'DN', 'Nagar', '']"
642,"['@DeniShah77', 'We', 'request', 'you', 'to', 'provide', 'exact', 'location', 'details', 'for', 'further', 'action.']"
643,"['@varunpgd', 'The', 'Borivali', 'traffic', 'division', 'has', 'been', 'alerted', 'about', 'necessary', 'actions.']"
644,"['@swapnilp79', 'We', 'have', 'intimated', 'your', 'concern', 'to', 'Mankhurd', 'traffic', 'branch', 'for', 'necessary', 'action.']"
645,"['@Ahtcsvhub', 'The', 'Bandra', 'traffic', 'division', 'has', 'been', 'alerted', 'about', 'necessary', 'actions.']"
646,"['@GanemSalauddin', 'The', 'Santacruz', 'traffic', 'division', 'has', 'been', 'alerted', 'about', 'necessary', 'actions.']"
647,"['@SouthMumbai2', 'Tardeo', '']"
648,"['@SUNILSI63910812', 'Kurla', '']"
649,"['@SUNILSI63910812', 'We', 'request', 'you', 'that', 'if', 'the', 'address', 'you', 'provided', 'is', 'not', 'sufficient', 'send', 'us', 'the', 'full', 'address']"
650,"['@neerajbhallaa', 'The', 'Dindoshi', 'traffic', 'division', 'has', 'been', 'alerted', 'about', 'necessary', 'actions.']"
651,"['@DhangarHanmanta', 'The', 'Santacruz', 'traffic', 'division', 'has', 'been', 'alerted', 'about', 'necessary', 'actions.']"
652,"['@kpsheth15', 'We', 'have', 'escalated', 'your', 'request', 'with', 'Azad', 'maidan', '']"
653,"['@MumbaiPolice', 'The', 'Worli', 'traffic', 'division', 'has', 'been', 'alerted', 'about', 'necessary', 'actions.']"
654,"['@EmployeeFight', 'The', 'Matunga', 'traffic', 'division', 'has', 'been', 'alerted', 'about', 'necessary', 'actions.']"
655,"['@iamhari_16', 'The', 'Goregaon', 'traffic', 'division', 'has', 'been', 'alerted', 'about', 'necessary', 'actions.']"
656,"['@JuhuSoc', 'The', 'Tardeo', 'traffic', 'division', 'has', 'been', 'alerted', 'about', 'necessary', 'actions.']"
657,"['@Vickeey6', 'The', 'chembur', 'traffic', 'division', 'has', 'been', 'alerted', 'about', 'necessary', 'actions.']"
658,"['@swapnilambure68', 'The', 'Worli', 'traffic', 'division', 'has', 'been', 'alerted', 'about', 'necessary', 'actions.']"
659,"['@panaaru', 'The', 'Borivali', 'traffic', 'division', 'has', 'been', 'alerted', 'about', 'necessary', 'actions.']"
660,"['@thebettermumbai', 'The', 'Santacruz', 'traffic', 'division', 'has', 'been', 'alerted', 'about', 'necessary', 'actions.']"
661,"['@swapnilambure68', 'We', 'request', 'you', 'that', 'if', 'the', 'address', 'you', 'provided', 'is', 'not', 'sufficient', 'send', 'us', 'the', 'full', 'address']"
662,"['@Twitk2022', 'The', 'marine', 'drive', 'traffic', 'division', 'has', 'been', 'alerted', 'about', 'necessary', 'actions.']"
663,"['@Pravinshetra', 'The', 'DN', 'Nagar', 'traffic', 'division', 'has', 'been', 'alerted', 'about', 'necessary', 'actions.']"
664,"['@pawar_monil', 'The', 'Kalbadevi', 'traffic', 'division', 'has', 'been', 'alerted', 'about', 'necessary', 'actions.']"
665,"['@vpgada', 'The', 'Mulund', 'traffic', 'division', 'has', 'been', 'alerted', 'about', 'necessary', 'actions.']"
666,"['@MunwaniNamrata', 'The', 'Tardeo', 'traffic', 'division', 'has', 'been', 'alerted', 'about', 'necessary', 'actions.']"
667,"['@MumbaiPolice', 'The', 'Tardeo', 'traffic', 'division', 'has', 'been', 'alerted', 'about', 'necessary', 'actions.']"
668,"['@swapnilambure68', 'We', 'request', 'you', 'to', 'provide', 'exact', 'location', 'details', 'for', 'further', 'action.']"
669,"['@TahaRaj15', 'The', 'Colaba', 'traffic', 'division', 'has', 'been', 'alerted', 'about', 'necessary', 'actions.']"
670,"['@RamkumarIyer68', 'The', 'chembur', 'traffic', 'division', 'has', 'been', 'alerted', 'about', 'necessary', 'actions.']"
671,"['@akhil_chawan', 'The', 'dadar', 'traffic', 'division', 'has', 'been', 'alerted', 'about', 'necessary', 'actions.']"
672,"['@matbar_murtuza', 'The', 'Malad', 'traffic', 'division', 'has', 'been', 'alerted', 'about', 'necessary', 'actions.']"
673,"['@KunalSangoi3', 'The', 'Sahar', 'traffic', 'division', 'has', 'been', 'alerted', 'about', 'necessary', 'actions.']"
674,"['@iamsandesh007', 'Respected', 'Please', 'email', 'Multimediacell.traffic@mahapolice.gov.in']"
675,"['@ZRSoldier1', 'The', 'Oshiwara', 'traffic', 'division', 'has', 'been', 'alerted', 'about', 'necessary', 'actions.']"
676,"['@akhil_chawan', 'The', 'Dadar', 'traffic', 'division', 'has', 'been', 'alerted', 'about', 'necessary', 'actions.']"
677,"['@Ahtcsvhub', 'The', 'Goregaon', 'traffic', 'division', 'has', 'been', 'alerted', 'about', 'necessary', 'actions.']"
678,"['@iamsandesh007', 'We', 'request', 'you', 'to', 'file', 'a', 'grievance', 'on', 'the', '#Mumtrafficapp', 'for', 'a', 'swift', 'resolution.']"
679,"['@Ahtcsvhub', 'The', 'Goregaon', 'traffic', 'division', 'has', 'been', 'alerted', 'about', 'necessary', 'actions.']"
680,"['@Ahtcsvhub', 'The', 'Goregaon', 'traffic', 'division', 'has', 'been', 'alerted', 'about', 'necessary', 'actions.']"
681,"['@QuarantinoGuy', 'The', 'Kurla', 'traffic', 'division', 'has', 'been', 'alerted', 'about', 'necessary', 'actions.']"
682,"['@mangal256', 'We', 'have', 'escalated', 'your', 'request', 'with', 'Malad', '']"
683,"['@KuturAbhishek', 'We', 'have', 'escalated', 'your', 'request', 'with', 'D.N.Nagar', '']"
684,"['@KuturAbhishek', 'We', 'have', 'intimated', 'your', 'concern', 'to', 'D.N.Nagar', 'traffic', 'branch', 'for', 'necessary', 'action.']"
685,"['@KuturAbhishek', 'We', 'have', 'escalated', 'your', 'request', 'with', 'D.N.Nagar', '']"
686,"['@samir_thakker', 'We', 'have', 'escalated', 'your', 'request', 'with', 'Malbarhill', '']"
687,"['@Ahtcsvhub', 'We', 'have', 'shared', 'your', 'concern', 'with', '@mybmc', 'for', 'necessary', 'action', 'Promptly.']"
688,"['@Avinash01557273', 'We', 'have', 'escalated', 'your', 'request', 'with', 'Oshiwara', '']"
689,"['@Ahtcsvhub', 'We', 'have', 'escalated', 'your', 'request', 'with', 'Goregoan', '']"
690,"['@samir_thakker', 'We', 'request', 'you', 'to', 'provide', 'exact', 'location', 'details', 'for', 'further', 'action.']"
691,"['@KaraokeMohan', '@SagarKantharia', '@MumbaiPolice', 'We', 'request', 'you', 'to', 'provide', 'exact', 'location', 'details', 'for', 'further', 'action.']"
692,"['@sujayshetty', 'Respected', 'Please', 'email', 'Multimediacell.traffic@mahapolice.gov.in']"
693,"['@INDNFTS', 'We', 'have', 'escalated', 'your', 'request', 'with', 'Borivali', '', '']"
694,"['@ZRSoldier1', 'We', 'have', 'intimated', 'your', 'concern', 'to', 'Oshiwara', '', 'traffic', 'branch', 'for', 'necessary', 'action.']"
695,"['@sujayshetty', 'We', 'request', 'you', 'to', 'file', 'a', 'grievance', 'on', 'the', '#Mumtrafficapp', 'for', 'a', 'swift', 'resolution.']"
696,"['@AnishRa36213214', 'We', 'have', 'forwarded', 'your', 'concern', 'to', 'Goregaon', '']"
697,"['@vijayku01129982', 'Matunga', '']"
698,"['@EmployeeFight', 'We', 'have', 'escalated', 'your', 'request', 'with', 'Matunga', '', '']"
699,"['@rajivsharma2012', 'We', 'have', 'shared', 'your', 'concern', 'with', '@mybmc', 'for', 'necessary', 'action', 'Promptly.']"
700,"['@SunayanaSunny', 'We', 'have', 'intimated', 'your', 'concern', 'to', 'Marin', 'drive', 'traffic', 'branch', 'for', 'necessary', 'action.']"
701,"['@SunayanaSunny', 'We', 'have', 'intimated', 'your', 'concern', 'to', 'Marin', 'drive', 'traffic', 'branch', 'for', 'necessary', 'action.']"
702,"['@Sshivi08', 'We', 'request', 'you', 'that', 'if', 'the', 'address', 'you', 'provided', 'is', 'not', 'sufficient', 'send', 'us', 'the', 'full', 'address']"
703,"['@patelmj', 'Tardeo', '']"
704,"['@arman_parve', 'Bandra', '']"
705,"['@arz_elch91', 'Please', 'provide', 'the', 'exact', 'location', 'for', 'necessary', 'action']"
706,"['@arman_parve', 'Please', 'provide', 'the', 'exact', 'location', 'for', 'necessary', 'action']"
707,"['@lokendr88928200', 'We', 'request', 'you', 'to', 'file', 'a', 'grievance', 'on', 'the', '#Mumtrafficapp', 'for', 'a', 'swift', 'resolution.']"
708,"['@LadiaShagun', 'We', 'have', 'intimated', 'your', 'concern', 'to', 'malad', '', 'traffic', 'branch', 'for', 'necessary', 'action.']"
709,"['@MumbaiPolice', 'We', 'have', 'informed', 'concern', 'jogeshwari', '']"
710,"['@whisleblower22', 'We', 'have', 'escalated', 'your', 'request', 'with', 'Kurla', '']"
711,"['@umanngjain', 'We', 'are', 'sharing', 'your', 'concern', 'with', 'vakola', '']"
712,"['@umanngjain', 'We', 'are', 'sharing', 'your', 'concern', 'with', 'Santacruz', '']"
713,"['@Shantanuwitty', 'We', 'request', 'you', 'that', 'if', 'the', 'address', 'you', 'provided', 'is', 'not', 'sufficient', 'send', 'us', 'the', 'full', 'address']"
714,"['@Ahtcsvhub', 'We', 'have', 'shared', 'your', 'concern', 'with', '@mybmc', 'for', 'necessary', 'action', 'Promptly.']"
715,"['@ajayhinduja2', 'We', 'have', 'intimated', 'your', 'concern', 'to', 'Dadar', 'traffic', 'branch', 'for', 'necessary', 'action.']"
716,"['@srikant_pillai', 'We', 'have', 'intimated', 'your', 'concern', 'to', 'Kandivali', 'traffic', 'branch', 'for', 'necessary', 'action.']"
717,"['@Rathod56626912', 'We', 'request', 'you', 'that', 'if', 'the', 'address', 'you', 'provided', 'is', 'not', 'sufficient', 'send', 'us', 'the', 'full', 'address']"
718,"['@murarkas', 'We', 'have', 'informed', 'Malada', '', '']"
719,"['@hasanainshikari', 'Please', 'provide', 'the', 'exact', 'location', 'for', 'necessary', 'action']"
720,"['@gaargiez', 'We', 'have', 'escalated', 'your', 'request', 'with', 'Concerned', '']"
721,"['@BlueAvengers1', 'We', 'have', 'escalated', 'your', 'request', 'with', 'Sakinaka', '']"
722,"['@aloosesona', 'We', 'are', 'sharing', 'your', 'concern', 'with', 'Matunga', '']"
723,"['@VK_Andheri', 'We', 'have', 'forwarded', 'your', 'concern', 'to', 'Concerned', '']"
724,"['@VK_Andheri', 'We', 'have', 'forwarded', 'your', 'concern', 'to', 'D.N', 'Nagar', '']"
725,"['@coloursster', 'We', 'have', 'intimated', 'your', 'concern', 'to', 'Concerned', 'traffic', 'branch', 'for', 'necessary', 'action.']"
726,"['@iamhari_16', 'We', 'request', 'you', 'that', 'if', 'the', 'address', 'you', 'provided', 'is', 'not', 'sufficient', 'send', 'us', 'the', 'full', 'address']"
727,"['@surelaks', '.', 'We', 'are', 'sharing', 'your', 'concern', 'with', 'Dindoshi', '']"
728,"['@RutujaKadav', 'concerned', '']"
729,"['@sandeep0387', 'We', 'have', 'informed', 'Santacruz', '']"
730,"['@chetan201994', '.', 'We', 'have', 'informed', 'Santacruz', '']"
731,"['@IndianVikas_987', 'We', 'are', 'sharing', 'your', 'concern', 'with', 'Santacruz', '']"
732,"['@KhilanShah15', 'We', 'have', 'informed', 'Mulund', '']"
733,"['@Pawankumarkewal', 'We', 'have', 'informed', 'Mulund', '']"
734,"['@anish_shah77', '.', 'We', 'have', 'escalated', 'your', 'request', 'with', 'Tardeo', '']"
735,"['@Pawankumarkewal', 'We', 'have', 'informed', 'Mulund', '']"
736,"['@SagarKantharia', 'Please', 'provide', 'the', 'exact', 'location', 'for', 'necessary', 'action.']"
737,"['@truthseeker7280', 'We', 'have', 'forwarded', 'your', 'concern', 'to', 'Mulund', '']"
738,"['@ritesh_kadam', 'We', 'have', 'forwarded', 'your', 'concern', 'to', 'Kandivali', '']"
739,"['@VK_Andheri', 'We', 'are', 'sharing', 'your', 'concern', 'with', 'Sahar', '']"
740,"['@ritesh_kadam', 'We', 'request', 'you', 'that', 'if', 'the', 'address', 'you', 'provided', 'is', 'not', 'sufficient', 'send', 'us', 'the', 'full', 'address']"
741,"['@mumbaisocialNGO', 'We', 'are', 'sharing', 'your', 'concern', 'with', 'Santacruz', '']"
742,"['@DINESHS97086561', 'We', 'have', 'forwarded', 'your', 'concern', 'to', 'Chembur', '']"
743,"['@IdiotsRoads', 'We', 'request', 'you', 'that', 'if', 'the', 'address', 'you', 'provided', 'is', 'not', 'sufficient', 'send', 'us', 'the', 'full', 'address']"
744,"['@BhaktiMargVoice', 'We', 'are', 'sharing', 'your', 'concern', 'with', 'Mulund', '']"
745,"['@p9819834605', 'We', 'are', 'sharing', 'your', 'concern', 'with', 'Goregaon', '']"
746,"['@ShardulMahadik3', 'We', 'have', 'informed', 'concern', '']"
747,"['@superselector5', '.', 'We', 'have', 'informed', 'concern', '']"
748,"['@ImmanuelRajanN1', 'Action', 'taken', 'on', 'above', 'mentioned', 'vehicle', 'u/s', 'Sec', '122/177', 'MVAMVA.']"
749,"['@superselector5', 'We', 'have', 'forwarded', 'your', 'concern', 'to', 'Malad', '']"
750,"['@SatyenMehta1', 'We', 'are', 'sharing', 'your', 'concern', 'with', 'Matunga', '']"
751,"['@mukeshmjv', 'We', 'request', 'you', 'to', 'file', 'a', 'grievance', 'on', 'the', '#Mumtrafficapp', 'for', 'a', 'swift', 'resolution.']"
752,"['@VK_Andheri', 'We', 'have', 'escalated', 'your', 'request', 'with', 'Oshiwara', '']"
753,"['@IdiotsRoads', 'We', 'have', 'escalated', 'your', 'request', 'with', 'Wadala', '']"
754,"['@superselector5', 'We', 'have', 'informed', 'concern', '']"
755,"['@RaghavS01463449', '.', 'We', 'are', 'sharing', 'your', 'concern', 'with', 'Matunga', '']"
756,"['@superselector5', 'We', 'have', 'informed', 'concern', '']"
757,"['@DhavalMehta0311', 'We', 'request', 'you', 'to', 'file', 'a', 'grievance', 'on', 'the', '#Mumtrafficapp', 'for', 'a', 'swift', 'resolution.']"
758,"['@superselector5', 'We', 'have', 'intimated', 'your', 'concern', 'to', 'Vakola', 'traffic', 'branch', 'for', 'necessary', 'action.']"
759,"['@VK_Andheri', 'We', 'have', 'forwarded', 'your', 'concern', 'to', 'Sahar', '']"
760,"['@SureshSGupta', 'We', 'have', 'forwarded', 'your', 'concern', 'to', 'Powai', '']"
761,"['@MrUnknownS01', 'We', 'have', 'forwarded', 'your', 'concern', 'to', 'Kurla', '']"
762,"['@VHarsh30', 'Please', 'provide', 'the', 'exact', 'location', 'for', 'necessary', 'action.']"
763,"['@iTwistRules', 'We', 'have', 'intimated', 'your', 'concern', 'to', 'Ghatkopar', 'traffic', 'branch', 'for', 'necessary', 'action.']"
764,"['@superselector5', 'We', 'are', 'sharing', 'your', 'concern', 'with', 'Sahar', '']"
765,"['@iTwistRules', 'We', 'have', 'intimated', 'your', 'concern', 'to', 'Ghatkopar', '', 'traffic', 'branch', 'for', 'necessary', 'action.']"
766,"['@rolster20', 'We', 'have', 'escalated', 'your', 'request', 'with', 'Dharavi', '']"
767,"['@ImmanuelRajanN1', 'We', 'are', 'sharing', 'your', 'concern', 'with', 'Chembur', '']"
768,"['@rolster20', 'Please', 'provide', 'the', 'exact', 'location', 'for', 'necessary', 'action']"
769,"['@superselector5', 'We', 'have', 'intimated', 'your', 'concern', 'to', 'Malad', '', 'traffic', 'branch', 'for', 'necessary', 'action.']"
770,"['@Rajkuma61628801', 'We', 'have', 'requested', '@Navimumpolice', 'traffic', 'division', 'to', 'look', 'into', 'this', 'as', 'they', 'can', 'help', 'the', 'best', 'in', 'their', 'jurisdiction.']"
771,"['@BoleTuu', 'We', 'have', 'forwarded', 'your', 'concern', 'to', 'Bandra', '', '']"
772,"['@Drishym52300160', 'We', 'have', 'forwarded', 'your', 'concern', 'to', 'Santacruz', '', '']"
773,"['@Raj_Zeus', 'We', 'have', 'escalated', 'your', 'request', 'with', 'Mulund', '']"
774,"['@AjayGheelajay', 'Action', 'has', 'been', 'taken', 'against', 'the', '17', 'Vehicles', 'under', 'MVA', 'section', '122/MVA.']"
775,"['@ajayhinduja2', 'Please', 'provide', 'the', 'exact', 'location', 'for', 'necessary', 'action.']"
776,"['@Kaushalvaghani', 'We', 'have', 'intimated', 'your', 'Borivali', '', 'to', 'traffic', 'branch', 'for', 'necessary', 'action.']"
777,"['@ZahidFKhambatti', 'We', 'have', 'intimated', 'your', 'concern', 'to', 'Midc', 'traffic', 'branch', 'for', 'necessary', 'action.']"
778,"['@Pawankumarkewal', 'We', 'have', 'informed', 'Mulund', '']"
779,"['@mumbaimatterz', 'We', 'request', 'you', 'that', 'if', 'the', 'address', 'you', 'provided', 'is', 'not', 'sufficient', 'send', 'us', 'the', 'full', 'address']"
780,"['@AjayGheelajay', 'We', 'are', 'sharing', 'your', 'concern', 'with', 'Goregaon', '']"
781,"['@NageshKalasgau1', 'Please', 'provide', 'the', 'exact', 'location', 'for', 'necessary', 'action.']"
782,"['@mumbaimatterz', 'We', 'have', 'intimated', 'your', 'concern', 'to', 'Chembur', '', 'traffic', 'branch', 'for', 'necessary', 'action.']"
783,"['@gautamadarsh', 'We', 'are', 'sharing', 'your', 'concern', 'with', 'Malad', '']"
784,"['@tweetquick11', 'Please', 'provide', 'the', 'exact', 'location', 'for', 'necessary', 'action']"
785,"['@monil2403', 'We', 'are', 'sharing', 'your', 'concern', 'with', 'BKC', '']"
786,"['@GowaliaTank2636', 'We', 'have', 'escalated', 'your', 'request', 'with', 'Tardeo', '']"
787,"['@Vicshah007', 'We', 'request', 'you', 'to', 'file', 'a', 'grievance', 'on', 'the', '#Mumtrafficapp', 'for', 'a', 'swift', 'resolution.']"
788,"['@CVVSDutt1', 'We', 'request', 'you', 'to', 'file', 'a', 'grievance', 'on', 'the', '#Mumtrafficapp', 'for', 'a', 'swift', 'resolution.']"
789,"['@Akshay57447965', 'We', 'have', 'informed', 'concern', '']"
790,"['@shivangkhanna99', 'We', 'are', 'sharing', 'your', 'concern', 'with', 'DN', 'Nagar', '']"
791,"['@shailesh_jathar', 'We', 'have', 'forwarded', 'your', 'concern', 'to', 'Sahar', '']"
792,"['@Shreyayayayaaa', 'We', 'are', 'sharing', 'your', 'concern', 'with', 'Mankhurd', '']"
793,"['@BhaktiMargVoice', 'Action', 'taken', 'on', 'above', 'mentioned', 'vehicle', 'u/s', 'Sec', '122/177', 'MVAMVA']"
794,"['@nayankhinvasara', 'We', 'have', 'forwarded', 'your', 'concern', 'to', 'Dadar', '']"
795,"['@MeMumbaikar16', 'We', 'have', 'forwarded', 'your', 'concern', 'to', 'Midc', '']"
796,"['@BhaktiMargVoice', 'We', 'have', 'forwarded', 'your', 'concern', 'to', 'Mulund', '', '']"
797,"['@abhisheksoni121', 'We', 'have', 'intimated', 'your', 'concern', 'to', 'Worli', '', 'traffic', 'branch', 'for', 'necessary', 'action.']"
798,"['@Ambadnyamahesh', 'We', 'have', 'forwarded', 'your', 'concern', 'to', 'Matunga', '', '']"
799,"['@abhisheksoni121', 'Please', 'provide', 'the', 'exact', 'location', 'for', 'necessary', 'action.']"
800,"['@amitrege76', 'We', 'have', 'escalated', 'your', 'request', 'with', 'Midc', '']"
801,"['@Akshay_thakur16', 'We', 'have', 'forwarded', 'your', 'concern', 'to', 'Borivali', '']"
802,"['@Prakash08717186', 'We', 'are', 'sharing', 'your', 'concern', 'with', 'Mulund', '']"
803,"['@rohgid', 'We', 'have', 'escalated', 'your', 'request', 'with', 'Dadar', '']"
804,"['@signs_road', 'We', 'have', 'escalated', 'your', 'request', 'with', 'Bhoiwada', '']"
805,"['@swapnilp79', 'We', 'are', 'sharing', 'your', 'concern', 'with', 'Mankhurd', '']"
806,"['@crazy_mamba0', 'We', 'are', 'sharing', 'your', 'concern', 'with', 'Sahar', '']"
807,"['@mister_bapat', 'We', 'have', 'informed', 'concern', '']"
808,"['@dhyrajm', 'We', 'have', 'forwarded', 'your', 'concern', 'to', 'D', 'N', 'Nagar', '']"
809,"['@Upendra14527274', 'We', 'have', 'intimated', 'your', 'concern', 'to', 'D', 'N', 'Nagar', 'traffic', 'branch', 'for', 'necessary', 'action.']"
810,"['@BenaiferKapadia', 'We', 'have', 'informed', 'concern', '']"
811,"['@vinod_mahal', 'We', 'are', 'sharing', 'your', 'concern', 'with', 'Worli', '']"
812,"['@superselector5', 'We', 'have', 'informed', 'Vakola', '']"
813,"['@MasterHemal', 'We', 'have', 'informed', 'Bandra', '']"
814,"['@Gaurav21519755', 'We', 'have', 'intimated', 'your', 'concern', 'to', 'Vakola', 'traffic', 'branch', 'for', 'necessary', 'action.']"
815,"['@phil_souza5', 'We', 'have', 'forwarded', 'your', 'concern', 'to', 'D', 'N', 'Ngr', '']"
816,"['@Da1GowaliaTank', 'We', 'have', 'informed', 'Tardeo', '']"
817,"['@GowaliaTank2636', 'We', 'have', 'shared', 'this', 'with', 'senior', 'official', 'of', 'the', 'Tardeo', 'traffic', 'division', 'for', 'necessary', 'stern', 'actions.-']"
818,"['@savetps6', 'We', 'have', 'forwarded', 'your', 'concern', 'to', 'Trombey', '']"
819,"['@jituk9', 'We', 'have', 'intimated', 'your', 'concern', 'to', 'D', 'B', 'Marg', 'traffic', 'branch', 'for', 'necessary', 'action.']"
820,"['@EmployeeFight', 'We', 'have', 'escalated', 'your', 'request', 'with', 'Matunga', '']"
821,"['@BankiMistry', 'We', 'have', 'informed', 'MIDC', '']"
822,"['@ManishGorivale', 'We', 'have', 'informed', 'Goregaon', '']"
823,"['@EmployeeFight', 'We', 'have', 'informed', 'the', 'Matunga', '', 'traffic', 'division', 'to', 'look', 'into', 'it.']"
824,"['@Ahtcsvhub', 'Action', 'taken', 'on', 'above', 'mentioned', 'vehicle', '03', 'vehicles', 'u/s', '122M.V.', 'Act.']"
825,"['@AbbeeTheAviator', 'Jogeshwari', '']"
826,"['@AbbeeTheAviator', 'We', 'request', 'you', 'that', 'if', 'the', 'address', 'you', 'provided', 'is', 'not', 'sufficient', 'send', 'us', 'the', 'full', 'address']"
827,"['@ReshamwalaAzam', 'We', 'have', 'intimated', 'your', 'concern', 'to', 'colaba', 'traffic', 'branch', 'for', 'necessary', 'action.']"
828,"['@CryoPerSea', 'We', 'have', 'intimated', 'your', 'concern', 'to', 'powai', 'traffic', 'branch', 'for', 'necessary', 'action.']"
829,"['@RakeshH_Indian', 'We', 'request', 'you', 'to', 'file', 'a', 'grievance', 'on', 'the', '#Mumtrafficapp', 'for', 'a', 'swift', 'resolution.']"
830,"['@poojais9419', 'Concerned', '']"
831,"['@pandeyashish33', 'sahar', '']"
832,"['@siddm9', 'sahar', '']"
833,"['@UjjwalH_1620', 'Samtanagar', '']"
834,"['@AaronArkswmz', 'Bandra', '']"
835,"['@PANDEYVIVEK1998', 'sahar', '']"
836,"['@Devpate61145102', 'We', 'have', 'intimated', 'your', 'concern', 'to', 'Jogeshwari', 'traffic', 'branch', 'for', 'necessary', 'action.']"
837,"['@iamhasu', 'The', 'colaba', 'traffic', 'division', 'has', 'been', 'alerted', 'about', 'necessary', 'actions.']"
838,"['@PANDEYVIVEK1998', 'Please', 'provide', 'the', 'exact', 'location', 'for', 'necessary', 'action']"
839,"['@MarolMoVo', 'MIDC', '']"
840,"['@MarolMoVo', 'MIDC', '']"
841,"['@DalviDalvisha', 'Sakinaka', '']"
842,"['@HavanurKaustubh', 'Bkc', '']"
843,"['@jha_akashkj', 'We', 'are', 'sharing', 'your', 'concern', 'with', 'Sakinaka', '']"
844,"['@pashi1782', 'We', 'have', 'informed', 'concern', '']"
845,"['@Ahtcsvhub', 'Dadar', '']"
846,"['@Ahtcsvhub', 'Dadar', '']"
847,"['@Bhartiy19273132', 'Jogeshwari', '', '']"
848,"['@Ahtcsvhub', 'We', 'have', 'intimated', 'your', 'concern', 'to', 'Dadar', 'traffic', 'branch', 'for', 'necessary', 'action.']"
849,"['@karankh43542946', '@myBESTBus', 'We', 'request', 'you', 'that', 'if', 'the', 'address', 'you', 'provided', 'is', 'not', 'sufficient', 'send', 'us', 'the', 'full', 'address']"
850,"['@Ahtcsvhub', 'Dadar', '', '']"
851,"['@RdExtension', 'We', 'have', 'informed', 'Bandra', '']"
852,"['@Pawankumarkewal', 'We', 'have', 'informed', 'Kurla', '']"
853,"['@Pawankumarkewal', 'We', 'have', 'informed', '', 'the', '', 'Ghatakopar', '']"
854,"['@devkadu07', 'We', 'have', 'informed', 'sanatacruz', '']"
855,"['@sandeepvarma15', 'We', 'have', 'informed', '', 'BKC', '']"
856,"['@deepali_bagul', 'We', 'have', 'informed', 'Borivali', '']"
857,"['@NasirSh86042113', 'We', 'are', 'sharing', 'your', 'concern', 'with', '', 'Malad', '']"
858,"['@Harshabhambhan1', 'We', 'are', 'sharing', 'your', 'concern', 'with', 'Kanjurmarg', '']"
859,"['@devkadu07', 'We', 'have', 'escalated', 'your', 'request', 'with', 'D', 'N', 'Ngr', '']"
860,"['@mahesh_puthran', 'We', 'have', 'informed', 'Borivali', '']"
861,"['#TrafficUpdate\n\nAambaji', 'Aashram', 'Ambamata', 'Mandir,', 'Carter', 'Road', 'no.', '03', 'in', 'Borivali', 'East', 'will', 'be', 'temporarily', 'closed', 'for…', 'https://t.co/VHEhwZjTta']"
862,"['@satya200597', 'We', 'have', 'informed', 'Marinedrive', '']"
863,"['@Akxyy', 'We', 'have', 'intimated', 'your', 'concern', 'to', 'Powai', 'traffic', 'branch', 'for', 'necessary', 'action.']"
864,"['@mumboy24', 'We', 'have', 'forwarded', 'your', 'concern', 'to', 'Powai', '']"
865,"['@amanm6849', 'We', 'are', 'sharing', 'your', 'concern', 'with', 'Dadar', '']"
866,"['@mansur_mansuri', 'We', 'have', 'escalated', 'your', 'request', 'with', 'Nagpada', '']"
